GEO_ID,NAME,B02001_001E,B02001_002E,Percent White Alone,B02001_003E,Percent AA,B02001_004E,Percent American Indian,B02001_005E,Percent Asian,B02001_006E,Percent Native Hawaiian and Pacific Islander
id,Geographic Area Name,Estimate!!Total,Estimate!!Total!!White alone,White Alone,Estimate!!Total!!Black or African American alone,AA Alone,Estimate!!Total!!American Indian and Alaska Native alone,American Indian Alone,Estimate!!Total!!Asian alone,Asian Alone,Estimate!!Total!!Native Hawaiian and Other Pacific Islander alone,Native Hawaiian Pacific Islander Alone
0500000US01003,"Baldwin County, Alabama",218022,187759,0.8612,20554,0.0943,1276,0.0059,2338,0.0107,45,0.0002
0500000US01015,"Calhoun County, Alabama",114277,85046,0.7442,24737,0.2165,107,0.0009,426,0.0037,0,0.0000
0500000US01043,"Cullman County, Alabama",83442,78643,0.9425,906,0.0109,301,0.0036,166,0.0020,0,0.0000
0500000US01049,"DeKalb County, Alabama",71385,60157,0.8427,1335,0.0187,868,0.0122,173,0.0024,0,0.0000
0500000US01051,"Elmore County, Alabama",81887,60622,0.7403,17113,0.2090,345,0.0042,522,0.0064,0,0.0000
0500000US01055,"Etowah County, Alabama",102501,81129,0.7915,17474,0.1705,209,0.0020,862,0.0084,0,0.0000
0500000US01069,"Houston County, Alabama",104722,72687,0.6941,29214,0.2790,66,0.0006,700,0.0067,0,0.0000
0500000US01073,"Jefferson County, Alabama",659300,341227,0.5176,282596,0.4286,1786,0.0027,9564,0.0145,724,0.0011
0500000US01077,"Lauderdale County, Alabama",92387,80452,0.8708,9614,0.1041,89,0.0010,667,0.0072,133,0.0014
0500000US01081,"Lee County, Alabama",163941,115009,0.7015,38323,0.2338,453,0.0028,6950,0.0424,0,0.0000
0500000US01083,"Limestone County, Alabama",96174,75365,0.7836,13504,0.1404,702,0.0073,1377,0.0143,0,0.0000
0500000US01089,"Madison County, Alabama",366519,245460,0.6697,88541,0.2416,1201,0.0033,9303,0.0254,27,0.0001
0500000US01095,"Marshall County, Alabama",96109,87628,0.9118,3727,0.0388,269,0.0028,385,0.0040,0,0.0000
0500000US01097,"Mobile County, Alabama",413757,239651,0.5792,150188,0.3630,3056,0.0074,8037,0.0194,138,0.0003
0500000US01101,"Montgomery County, Alabama",225763,78367,0.3471,132366,0.5863,518,0.0023,7122,0.0315,0,0.0000
0500000US01103,"Morgan County, Alabama",119089,91390,0.7674,17107,0.1436,327,0.0027,613,0.0051,0,0.0000
0500000US01115,"St. Clair County, Alabama",88690,76382,0.8612,8976,0.1012,155,0.0017,715,0.0081,0,0.0000
0500000US01117,"Shelby County, Alabama",215707,172086,0.7978,27162,0.1259,372,0.0017,4767,0.0221,27,0.0001
0500000US01121,"Talladega County, Alabama",79828,50857,0.6371,27226,0.3411,433,0.0054,110,0.0014,0,0.0000
0500000US01125,"Tuscaloosa County, Alabama",208911,135323,0.6478,67036,0.3209,529,0.0025,3471,0.0166,0,0.0000
0500000US01127,"Walker County, Alabama",63711,57117,0.8965,3863,0.0606,98,0.0015,141,0.0022,0,0.0000
0500000US02020,"Anchorage Municipality, Alaska",291538,181491,0.6225,16679,0.0572,22022,0.0755,28273,0.0970,6105,0.0209
0500000US02090,"Fairbanks North Star Borough, Alaska",98971,74307,0.7508,4941,0.0499,8025,0.0811,2956,0.0299,734,0.0074
0500000US02170,"Matanuska-Susitna Borough, Alaska",107610,88760,0.8248,901,0.0084,8317,0.0773,1943,0.0181,77,0.0007
0500000US04001,"Apache County, Arizona",71818,16256,0.2263,411,0.0057,53873,0.7501,416,0.0058,59,0.0008
0500000US04003,"Cochise County, Arizona",126770,109392,0.8629,4814,0.0380,1738,0.0137,2511,0.0198,210,0.0017
0500000US04005,"Coconino County, Arizona",142854,90589,0.6341,1882,0.0132,38177,0.2672,2687,0.0188,0,0.0000
0500000US04013,"Maricopa County, Arizona",4410824,3466879,0.7860,257889,0.0585,91630,0.0208,184809,0.0419,10478,0.0024
0500000US04015,"Mohave County, Arizona",209550,191170,0.9123,2409,0.0115,4346,0.0207,2518,0.0120,1492,0.0071
0500000US04017,"Navajo County, Arizona",110445,53702,0.4862,892,0.0081,49902,0.4518,636,0.0058,9,0.0001
0500000US04019,"Pima County, Arizona",1039073,771880,0.7429,37940,0.0365,45440,0.0437,30481,0.0293,1431,0.0014
0500000US04021,"Pinal County, Arizona",447138,359718,0.8045,19947,0.0446,22140,0.0495,7233,0.0162,1487,0.0033
0500000US04025,"Yavapai County, Arizona",231993,209300,0.9022,1876,0.0081,2296,0.0099,2581,0.0111,367,0.0016
0500000US04027,"Yuma County, Arizona",212128,185580,0.8748,5942,0.0280,2428,0.0114,3254,0.0153,91,0.0004
0500000US05007,"Benton County, Arkansas",272608,238256,0.8740,5133,0.0188,3587,0.0132,10627,0.0390,1835,0.0067
0500000US05031,"Craighead County, Arkansas",108558,85821,0.7906,17485,0.1611,326,0.0030,660,0.0061,0,0.0000
0500000US05045,"Faulkner County, Arkansas",124806,102041,0.8176,13893,0.1113,800,0.0064,1626,0.0130,0,0.0000
0500000US05051,"Garland County, Arkansas",99154,85417,0.8615,7374,0.0744,1004,0.0101,1048,0.0106,0,0.0000
0500000US05069,"Jefferson County, Arkansas",68114,27109,0.3980,39238,0.5761,230,0.0034,659,0.0097,0,0.0000
0500000US05085,"Lonoke County, Arkansas",73657,65323,0.8869,5335,0.0724,178,0.0024,618,0.0084,21,0.0003
0500000US05119,"Pulaski County, Arkansas",392680,216820,0.5522,145102,0.3695,2096,0.0053,9042,0.0230,387,0.0010
0500000US05125,"Saline County, Arkansas",121421,106756,0.8792,9542,0.0786,321,0.0026,1495,0.0123,481,0.0040
0500000US05131,"Sebastian County, Arkansas",127753,91102,0.7131,8867,0.0694,1289,0.0101,6340,0.0496,57,0.0004
0500000US05143,"Washington County, Arkansas",236961,181620,0.7665,8323,0.0351,3461,0.0146,6287,0.0265,5877,0.0248
0500000US05145,"White County, Arkansas",78727,71855,0.9127,3569,0.0453,513,0.0065,749,0.0095,0,0.0000
0500000US06001,"Alameda County, California",1666753,643907,0.3863,172152,0.1033,10645,0.0064,513491,0.3081,14224,0.0085
0500000US06007,"Butte County, California",231256,186452,0.8063,4019,0.0174,2274,0.0098,10017,0.0433,360,0.0016
0500000US06013,"Contra Costa County, California",1150215,622301,0.5410,101253,0.0880,7347,0.0064,195848,0.1703,5718,0.0050
0500000US06017,"El Dorado County, California",190678,169150,0.8871,1221,0.0064,924,0.0048,8834,0.0463,525,0.0028
0500000US06019,"Fresno County, California",994400,643787,0.6474,45504,0.0458,15894,0.0160,103204,0.1038,1252,0.0013
0500000US06023,"Humboldt County, California",136373,106163,0.7785,1553,0.0114,6438,0.0472,4610,0.0338,33,0.0002
0500000US06025,"Imperial County, California",181827,117180,0.6445,4201,0.0231,1035,0.0057,2801,0.0154,204,0.0011
0500000US06029,"Kern County, California",896764,673595,0.7511,50289,0.0561,8106,0.0090,44299,0.0494,1656,0.0018
0500000US06031,"Kings County, California",151366,96634,0.6384,10428,0.0689,1502,0.0099,6833,0.0451,273,0.0018
0500000US06033,"Lake County, California",64382,47341,0.7353,1546,0.0240,3040,0.0472,622,0.0097,15,0.0002
0500000US06037,"Los Angeles County, California",10105518,5184112,0.5130,811476,0.0803,76089,0.0075,1492554,0.1477,28376,0.0028
0500000US06039,"Madera County, California",157672,91440,0.5799,5417,0.0344,1510,0.0096,3619,0.0230,132,0.0008
0500000US06041,"Marin County, California",259666,206330,0.7946,6312,0.0243,275,0.0011,16431,0.0633,466,0.0018
0500000US06045,"Mendocino County, California",87606,73040,0.8337,294,0.0034,3434,0.0392,2190,0.0250,153,0.0017
0500000US06047,"Merced County, California",274765,157100,0.5718,9118,0.0332,2300,0.0084,20204,0.0735,1094,0.0040
0500000US06053,"Monterey County, California",435594,205303,0.4713,11753,0.0270,6540,0.0150,25748,0.0591,2232,0.0051
0500000US06055,"Napa County, California",139417,106436,0.7634,2237,0.0160,1011,0.0073,12249,0.0879,202,0.0014
0500000US06057,"Nevada County, California",99696,91285,0.9156,534,0.0054,345,0.0035,1249,0.0125,158,0.0016
0500000US06059,"Orange County, California",3185968,1922991,0.6036,59872,0.0188,13213,0.0041,666421,0.2092,10196,0.0032
0500000US06061,"Placer County, California",393149,322796,0.8211,6738,0.0171,2028,0.0052,30817,0.0784,667,0.0017
0500000US06065,"Riverside County, California",2450758,1486443,0.6065,160065,0.0653,17330,0.0071,163182,0.0666,7783,0.0032
0500000US06067,"Sacramento County, California",1540975,874105,0.5672,152261,0.0988,11548,0.0075,248351,0.1612,18375,0.0119
0500000US06071,"San Bernardino County, California",2171603,1320579,0.6081,178755,0.0823,19292,0.0089,157436,0.0725,6908,0.0032
0500000US06073,"San Diego County, California",3343364,2373583,0.7099,171408,0.0513,20446,0.0061,401745,0.1202,13943,0.0042
0500000US06075,"San Francisco County, California",883305,400727,0.4537,45886,0.0519,2308,0.0026,302795,0.3428,2126,0.0024
0500000US06077,"San Joaquin County, California",752660,436288,0.5797,54996,0.0731,4560,0.0061,120792,0.1605,4351,0.0058
0500000US06079,"San Luis Obispo County, California",284010,248227,0.8740,5123,0.0180,1731,0.0061,10265,0.0361,235,0.0008
0500000US06081,"San Mateo County, California",769545,385286,0.5007,16374,0.0213,3089,0.0040,226445,0.2943,8787,0.0114
0500000US06083,"Santa Barbara County, California",446527,349976,0.7838,9371,0.0210,6202,0.0139,24922,0.0558,500,0.0011
0500000US06085,"Santa Clara County, California",1937570,859705,0.4437,49486,0.0255,8791,0.0045,721307,0.3723,6751,0.0035
0500000US06087,"Santa Cruz County, California",274255,201567,0.7350,2874,0.0105,954,0.0035,13521,0.0493,388,0.0014
0500000US06089,"Shasta County, California",180040,153562,0.8529,2080,0.0116,4384,0.0244,5654,0.0314,341,0.0019
0500000US06095,"Solano County, California",446610,237882,0.5326,59795,0.1339,2524,0.0057,70209,0.1572,4869,0.0109
0500000US06097,"Sonoma County, California",499942,369293,0.7387,8049,0.0161,5039,0.0101,21637,0.0433,1176,0.0024
0500000US06099,"Stanislaus County, California",549815,434015,0.7894,16865,0.0307,5011,0.0091,28148,0.0512,4616,0.0084
0500000US06101,"Sutter County, California",96807,66617,0.6881,2001,0.0207,888,0.0092,13831,0.1429,1399,0.0145
0500000US06107,"Tulare County, California",465861,332150,0.7130,8947,0.0192,4550,0.0098,17675,0.0379,711,0.0015
0500000US06111,"Ventura County, California",850967,685974,0.8061,14696,0.0173,5106,0.0060,64523,0.0758,1632,0.0019
0500000US06113,"Yolo County, California",220408,158000,0.7169,6684,0.0303,925,0.0042,31615,0.1434,1102,0.0050
0500000US06115,"Yuba County, California",78041,60004,0.7689,2132,0.0273,1513,0.0194,5721,0.0733,1025,0.0131
0500000US08001,"Adams County, Colorado",511868,416894,0.8145,16804,0.0328,5317,0.0104,18457,0.0361,362,0.0007
0500000US08005,"Arapahoe County, Colorado",651215,469233,0.7206,73002,0.1121,5249,0.0081,38778,0.0595,1526,0.0023
0500000US08013,"Boulder County, Colorado",326078,286455,0.8785,3185,0.0098,1804,0.0055,14360,0.0440,117,0.0004
0500000US08014,"Broomfield County, Colorado",69267,60869,0.8788,1103,0.0159,196,0.0028,4951,0.0715,0,0.0000
0500000US08031,"Denver County, Colorado",716492,544519,0.7600,64199,0.0896,6686,0.0093,26827,0.0374,1213,0.0017
0500000US08035,"Douglas County, Colorado",342776,305784,0.8921,5180,0.0151,1497,0.0044,16299,0.0476,87,0.0003
0500000US08041,"El Paso County, Colorado",713856,568933,0.7970,45510,0.0638,5466,0.0077,20891,0.0293,2548,0.0036
0500000US08059,"Jefferson County, Colorado",580233,524901,0.9046,6402,0.0110,4120,0.0071,18397,0.0317,89,0.0002
0500000US08069,"Larimer County, Colorado",350518,320513,0.9144,3523,0.0101,1972,0.0056,7779,0.0222,214,0.0006
0500000US08077,"Mesa County, Colorado",153207,143773,0.9384,1426,0.0093,2200,0.0144,1956,0.0128,14,0.0001
0500000US08101,"Pueblo County, Colorado",167529,137420,0.8203,3615,0.0216,5493,0.0328,1342,0.0080,79,0.0005
0500000US08123,"Weld County, Colorado",314305,284731,0.9059,4398,0.0140,1447,0.0046,4725,0.0150,1069,0.0034
0500000US09001,"Fairfield County, Connecticut",943823,672515,0.7125,108358,0.1148,2417,0.0026,52072,0.0552,494,0.0005
0500000US09003,"Hartford County, Connecticut",892697,632985,0.7091,125302,0.1404,2111,0.0024,49780,0.0558,477,0.0005
0500000US09005,"Litchfield County, Connecticut",181111,166880,0.9214,3296,0.0182,284,0.0016,2813,0.0155,0,0.0000
0500000US09007,"Middlesex County, Connecticut",162682,142250,0.8744,10306,0.0634,174,0.0011,5421,0.0333,46,0.0003
0500000US09009,"New Haven County, Connecticut",857620,624693,0.7284,120459,0.1405,2541,0.0030,35199,0.0410,0,0.0000
0500000US09011,"New London County, Connecticut",266784,212183,0.7953,17171,0.0644,1346,0.0050,11344,0.0425,0,0.0000
0500000US09013,"Tolland County, Connecticut",150921,132634,0.8788,4158,0.0276,232,0.0015,7604,0.0504,0,0.0000
0500000US09015,"Windham County, Connecticut",117027,103996,0.8886,2502,0.0214,402,0.0034,1622,0.0139,0,0.0000
0500000US10001,"Kent County, Delaware",178550,116529,0.6526,45522,0.2550,1556,0.0087,4144,0.0232,106,0.0006
0500000US10003,"New Castle County, Delaware",559335,353694,0.6323,144954,0.2592,1512,0.0027,31543,0.0564,357,0.0006
0500000US10005,"Sussex County, Delaware",229286,189558,0.8267,27118,0.1183,1329,0.0058,3336,0.0145,433,0.0019
0500000US11001,"District of Columbia, District of Columbia",702455,296747,0.4224,319777,0.4552,1932,0.0028,27538,0.0392,397,0.0006
0500000US12001,"Alachua County, Florida",269956,186822,0.6920,52720,0.1953,970,0.0036,17015,0.0630,284,0.0011
0500000US12005,"Bay County, Florida",185287,146936,0.7930,19301,0.1042,877,0.0047,3867,0.0209,62,0.0003
0500000US12009,"Brevard County, Florida",596849,491473,0.8234,57559,0.0964,1788,0.0030,14941,0.0250,611,0.0010
0500000US12011,"Broward County, Florida",1951260,1161467,0.5952,562696,0.2884,6018,0.0031,72663,0.0372,1816,0.0009
0500000US12015,"Charlotte County, Florida",184998,167034,0.9029,9781,0.0529,224,0.0012,2517,0.0136,215,0.0012
0500000US12017,"Citrus County, Florida",147929,136707,0.9241,4284,0.0290,430,0.0029,2155,0.0146,0,0.0000
0500000US12019,"Clay County, Florida",216072,168786,0.7812,24859,0.1150,35,0.0002,5712,0.0264,0,0.0000
0500000US12021,"Collier County, Florida",378488,334685,0.8843,26009,0.0687,810,0.0021,5521,0.0146,112,0.0003
0500000US12023,"Columbia County, Florida",70503,53675,0.7613,11899,0.1688,364,0.0052,354,0.0050,0,0.0000
0500000US12031,"Duval County, Florida",950181,566932,0.5967,278340,0.2929,3413,0.0036,44256,0.0466,409,0.0004
0500000US12033,"Escambia County, Florida",315534,214141,0.6787,71301,0.2260,1814,0.0057,11379,0.0361,421,0.0013
0500000US12035,"Flagler County, Florida",112067,92191,0.8226,11266,0.1005,0,0.0000,2828,0.0252,0,0.0000
0500000US12053,"Hernando County, Florida",190865,168354,0.8821,10761,0.0564,662,0.0035,2139,0.0112,0,0.0000
0500000US12055,"Highlands County, Florida",105424,84051,0.7973,10117,0.0960,0,0.0000,921,0.0087,0,0.0000
0500000US12057,"Hillsborough County, Florida",1436888,1003558,0.6984,241095,0.1678,3754,0.0026,58301,0.0406,388,0.0003
0500000US12061,"Indian River County, Florida",157413,135869,0.8631,13492,0.0857,717,0.0046,1188,0.0075,264,0.0017
0500000US12069,"Lake County, Florida",356495,293920,0.8245,41098,0.1153,1760,0.0049,6928,0.0194,155,0.0004
0500000US12071,"Lee County, Florida",754610,632400,0.8380,68105,0.0903,614,0.0008,12403,0.0164,399,0.0005
0500000US12073,"Leon County, Florida",292502,178125,0.6090,91171,0.3117,523,0.0018,11278,0.0386,148,0.0005
0500000US12081,"Manatee County, Florida",394855,337520,0.8548,32646,0.0827,717,0.0018,9221,0.0234,235,0.0006
0500000US12083,"Marion County, Florida",359977,294540,0.8182,43923,0.1220,1019,0.0028,4898,0.0136,173,0.0005
0500000US12085,"Martin County, Florida",160912,137280,0.8531,11043,0.0686,316,0.0020,2904,0.0180,0,0.0000
0500000US12086,"Miami-Dade County, Florida",2761581,2054029,0.7438,472958,0.1713,5983,0.0022,44830,0.0162,361,0.0001
0500000US12087,"Monroe County, Florida",75027,65534,0.8735,5227,0.0697,31,0.0004,1027,0.0137,260,0.0035
0500000US12089,"Nassau County, Florida",85832,78055,0.9094,5011,0.0584,430,0.0050,805,0.0094,0,0.0000
0500000US12091,"Okaloosa County, Florida",207269,162777,0.7853,20465,0.0987,572,0.0028,7062,0.0341,401,0.0019
0500000US12095,"Orange County, Florida",1380645,881215,0.6383,288018,0.2086,4549,0.0033,71893,0.0521,1276,0.0009
0500000US12097,"Osceola County, Florida",367990,261233,0.7099,43509,0.1182,1172,0.0032,11147,0.0303,16,0.0000
0500000US12099,"Palm Beach County, Florida",1485941,1086487,0.7312,273542,0.1841,2419,0.0016,42059,0.0283,1017,0.0007
0500000US12101,"Pasco County, Florida",539630,464256,0.8603,30469,0.0565,2309,0.0043,13863,0.0257,109,0.0002
0500000US12103,"Pinellas County, Florida",975280,791389,0.8114,99971,0.1025,2598,0.0027,32571,0.0334,1235,0.0013
0500000US12105,"Polk County, Florida",708009,541001,0.7641,107044,0.1512,2670,0.0038,13061,0.0184,0,0.0000
0500000US12107,"Putnam County, Florida",74163,59256,0.7990,11881,0.1602,0,0.0000,530,0.0071,0,0.0000
0500000US12109,"St. Johns County, Florida",254261,224296,0.8821,14093,0.0554,819,0.0032,7638,0.0300,0,0.0000
0500000US12111,"St. Lucie County, Florida",321128,232424,0.7238,64874,0.2020,0,0.0000,6057,0.0189,376,0.0012
0500000US12113,"Santa Rosa County, Florida",179349,152137,0.8483,10837,0.0604,1194,0.0067,3161,0.0176,865,0.0048
0500000US12115,"Sarasota County, Florida",426718,388007,0.9093,19172,0.0449,871,0.0020,7605,0.0178,238,0.0006
0500000US12117,"Seminole County, Florida",467832,346992,0.7417,57125,0.1221,1127,0.0024,22199,0.0475,273,0.0006
0500000US12119,"Sumter County, Florida",128754,114673,0.8906,10375,0.0806,176,0.0014,1403,0.0109,0,0.0000
0500000US12127,"Volusia County, Florida",547538,441141,0.8057,60845,0.1111,2441,0.0045,10098,0.0184,120,0.0002
0500000US12131,"Walton County, Florida",71375,62177,0.8711,3176,0.0445,553,0.0077,633,0.0089,0,0.0000
0500000US13013,"Barrow County, Georgia",80809,63590,0.7869,9937,0.1230,218,0.0027,3172,0.0393,60,0.0007
0500000US13015,"Bartow County, Georgia",106408,89990,0.8457,11734,0.1103,198,0.0019,1341,0.0126,0,0.0000
0500000US13021,"Bibb County, Georgia",153095,61370,0.4009,81723,0.5338,188,0.0012,3249,0.0212,144,0.0009
0500000US13031,"Bulloch County, Georgia",77296,49991,0.6467,20136,0.2605,0,0.0000,1108,0.0143,1161,0.0150
0500000US13045,"Carroll County, Georgia",118121,86164,0.7295,22574,0.1911,1960,0.0166,312,0.0026,0,0.0000
0500000US13047,"Catoosa County, Georgia",67420,61292,0.9091,2750,0.0408,887,0.0132,905,0.0134,0,0.0000
0500000US13051,"Chatham County, Georgia",289195,151743,0.5247,113883,0.3938,634,0.0022,7493,0.0259,1688,0.0058
0500000US13057,"Cherokee County, Georgia",254149,217980,0.8577,16274,0.0640,826,0.0033,4850,0.0191,618,0.0024
0500000US13059,"Clarke County, Georgia",127330,80444,0.6318,35535,0.2791,311,0.0024,4947,0.0389,166,0.0013
0500000US13063,"Clayton County, Georgia",289615,44414,0.1534,202746,0.7001,308,0.0011,14865,0.0513,368,0.0013
0500000US13067,"Cobb County, Georgia",756865,437149,0.5776,208527,0.2755,1875,0.0025,43013,0.0568,1444,0.0019
0500000US13073,"Columbia County, Georgia",154291,112921,0.7319,26416,0.1712,0,0.0000,7116,0.0461,0,0.0000
0500000US13077,"Coweta County, Georgia",145864,111427,0.7639,25081,0.1719,1428,0.0098,3242,0.0222,0,0.0000
0500000US13089,"DeKalb County, Georgia",756558,265235,0.3506,403014,0.5327,6959,0.0092,47716,0.0631,2868,0.0038
0500000US13095,"Dougherty County, Georgia",91243,22804,0.2499,63283,0.6936,494,0.0054,372,0.0041,128,0.0014
0500000US13097,"Douglas County, Georgia",145331,65772,0.4526,69703,0.4796,0,0.0000,2431,0.0167,0,0.0000
0500000US13113,"Fayette County, Georgia",113459,74889,0.6601,27242,0.2401,315,0.0028,5382,0.0474,0,0.0000
0500000US13115,"Floyd County, Georgia",97927,78436,0.8010,13648,0.1394,299,0.0031,1807,0.0185,0,0.0000
0500000US13117,"Forsyth County, Georgia",236612,183956,0.7775,9944,0.0420,52,0.0002,34047,0.1439,279,0.0012
0500000US13121,"Fulton County, Georgia",1050114,467999,0.4457,457063,0.4353,2647,0.0025,78713,0.0750,478,0.0005
0500000US13135,"Gwinnett County, Georgia",927781,431934,0.4656,259173,0.2793,6573,0.0071,111728,0.1204,45,0.0000
0500000US13139,"Hall County, Georgia",202148,174232,0.8619,13415,0.0664,576,0.0028,3392,0.0168,0,0.0000
0500000US13151,"Henry County, Georgia",230220,105190,0.4569,104658,0.4546,170,0.0007,7868,0.0342,0,0.0000
0500000US13153,"Houston County, Georgia",155469,91416,0.5880,51094,0.3286,640,0.0041,5559,0.0358,70,0.0005
0500000US13157,"Jackson County, Georgia",70422,61209,0.8692,4893,0.0695,19,0.0003,1062,0.0151,21,0.0003
0500000US13185,"Lowndes County, Georgia",116321,65868,0.5663,42377,0.3643,292,0.0025,1882,0.0162,0,0.0000
0500000US13215,"Muscogee County, Georgia",194160,83257,0.4288,91077,0.4691,107,0.0006,4211,0.0217,224,0.0012
0500000US13217,"Newton County, Georgia",109541,53664,0.4899,50221,0.4585,0,0.0000,1478,0.0135,0,0.0000
0500000US13245,"Richmond County, Georgia",201554,73586,0.3651,113773,0.5645,595,0.0030,4377,0.0217,118,0.0006
0500000US13247,"Rockdale County, Georgia",90594,33589,0.3708,52466,0.5791,41,0.0005,1667,0.0184,0,0.0000
0500000US13255,"Spalding County, Georgia",66100,40759,0.6166,22394,0.3388,213,0.0032,719,0.0109,0,0.0000
0500000US13285,"Troup County, Georgia",70034,40980,0.5851,26220,0.3744,0,0.0000,1622,0.0232,0,0.0000
0500000US13297,"Walton County, Georgia",93503,71248,0.7620,17381,0.1859,53,0.0006,1276,0.0136,0,0.0000
0500000US15001,"Hawaii County, Hawaii",200983,65322,0.3250,1487,0.0074,917,0.0046,45875,0.2283,22582,0.1124
0500000US15003,"Honolulu County, Hawaii",980080,200434,0.2045,25504,0.0260,1772,0.0018,413848,0.4223,96501,0.0985
0500000US15007,"Kauai County, Hawaii",72133,22378,0.3102,127,0.0018,242,0.0034,24320,0.3372,6462,0.0896
0500000US15009,"Maui County, Hawaii",167218,57482,0.3438,1195,0.0071,297,0.0018,50433,0.3016,19426,0.1162
0500000US16001,"Ada County, Idaho",469966,423193,0.9005,7344,0.0156,2031,0.0043,14535,0.0309,1277,0.0027
0500000US16005,"Bannock County, Idaho",87138,78243,0.8979,659,0.0076,2662,0.0305,1987,0.0228,110,0.0013
0500000US16019,"Bonneville County, Idaho",116854,104226,0.8919,387,0.0033,534,0.0046,1256,0.0107,0,0.0000
0500000US16027,"Canyon County, Idaho",223499,183631,0.8216,897,0.0040,2419,0.0108,1992,0.0089,452,0.0020
0500000US16055,"Kootenai County, Idaho",161505,151779,0.9398,445,0.0028,2159,0.0134,1766,0.0109,501,0.0031
0500000US16083,"Twin Falls County, Idaho",86081,78253,0.9091,190,0.0022,383,0.0044,2121,0.0246,0,0.0000
0500000US17001,"Adams County, Illinois",65691,61152,0.9309,3054,0.0465,248,0.0038,426,0.0065,0,0.0000
0500000US17019,"Champaign County, Illinois",209983,149873,0.7137,27968,0.1332,164,0.0008,23646,0.1126,0,0.0000
0500000US17031,"Cook County, Illinois",5180493,2964037,0.5722,1204613,0.2325,14604,0.0028,389530,0.0752,2270,0.0004
0500000US17037,"DeKalb County, Illinois",104143,88945,0.8541,8124,0.0780,31,0.0003,2767,0.0266,0,0.0000
0500000US17043,"DuPage County, Illinois",928589,705636,0.7599,42117,0.0454,3856,0.0042,113181,0.1219,1197,0.0013
0500000US17089,"Kane County, Illinois",534216,403393,0.7551,29350,0.0549,1539,0.0029,21759,0.0407,244,0.0005
0500000US17091,"Kankakee County, Illinois",110024,87469,0.7950,15976,0.1452,78,0.0007,1016,0.0092,0,0.0000
0500000US17093,"Kendall County, Illinois",127915,109374,0.8551,8605,0.0673,77,0.0006,4649,0.0363,0,0.0000
0500000US17097,"Lake County, Illinois",700832,519328,0.7410,46360,0.0661,3441,0.0049,56758,0.0810,310,0.0004
0500000US17099,"LaSalle County, Illinois",109430,100371,0.9172,3547,0.0324,64,0.0006,938,0.0086,0,0.0000
0500000US17111,"McHenry County, Illinois",308570,283946,0.9202,5846,0.0189,345,0.0011,8795,0.0285,0,0.0000
0500000US17113,"McLean County, Illinois",172828,143769,0.8319,14547,0.0842,290,0.0017,8986,0.0520,0,0.0000
0500000US17115,"Macon County, Illinois",104712,81660,0.7799,17609,0.1682,149,0.0014,1226,0.0117,0,0.0000
0500000US17119,"Madison County, Illinois",264461,229879,0.8692,22876,0.0865,668,0.0025,2508,0.0095,27,0.0001
0500000US17143,"Peoria County, Illinois",180621,131960,0.7306,30995,0.1716,637,0.0035,7844,0.0434,0,0.0000
0500000US17161,"Rock Island County, Illinois",143477,113735,0.7927,14038,0.0978,462,0.0032,4141,0.0289,132,0.0009
0500000US17163,"St. Clair County, Illinois",261059,166252,0.6368,78982,0.3025,300,0.0011,3973,0.0152,0,0.0000
0500000US17167,"Sangamon County, Illinois",195348,159781,0.8179,24375,0.1248,589,0.0030,4191,0.0215,19,0.0001
0500000US17179,"Tazewell County, Illinois",132328,125963,0.9519,1978,0.0149,317,0.0024,1482,0.0112,53,0.0004
0500000US17183,"Vermilion County, Illinois",76806,62290,0.8110,10903,0.1420,111,0.0014,797,0.0104,152,0.0020
0500000US17197,"Will County, Illinois",692310,508964,0.7352,76324,0.1102,3843,0.0056,35847,0.0518,455,0.0007
0500000US17199,"Williamson County, Illinois",67056,60144,0.8969,2656,0.0396,386,0.0058,928,0.0138,0,0.0000
0500000US17201,"Winnebago County, Illinois",284081,225163,0.7926,36736,0.1293,323,0.0011,8487,0.0299,66,0.0002
0500000US18003,"Allen County, Indiana",375351,290814,0.7748,43203,0.1151,750,0.0020,15205,0.0405,517,0.0014
0500000US18005,"Bartholomew County, Indiana",82753,70856,0.8562,1319,0.0159,0,0.0000,6556,0.0792,0,0.0000
0500000US18011,"Boone County, Indiana",66999,61585,0.9192,1305,0.0195,183,0.0027,1227,0.0183,0,0.0000
0500000US18019,"Clark County, Indiana",117360,102369,0.8723,8287,0.0706,0,0.0000,695,0.0059,95,0.0008
0500000US18035,"Delaware County, Indiana",114772,101710,0.8862,7989,0.0696,110,0.0010,1718,0.0150,163,0.0014
0500000US18039,"Elkhart County, Indiana",205560,175515,0.8538,9586,0.0466,690,0.0034,1849,0.0090,358,0.0017
0500000US18043,"Floyd County, Indiana",77781,70351,0.9045,4075,0.0524,174,0.0022,871,0.0112,0,0.0000
0500000US18053,"Grant County, Indiana",65936,58339,0.8848,4966,0.0753,88,0.0013,131,0.0020,0,0.0000
0500000US18057,"Hamilton County, Indiana",330086,284669,0.8624,12440,0.0377,25,0.0001,19303,0.0585,408,0.0012
0500000US18063,"Hendricks County, Indiana",167009,144714,0.8665,11473,0.0687,61,0.0004,5101,0.0305,71,0.0004
0500000US18067,"Howard County, Indiana",82366,72144,0.8759,6281,0.0763,761,0.0092,1291,0.0157,0,0.0000
0500000US18081,"Johnson County, Indiana",156225,143005,0.9154,3296,0.0211,0,0.0000,5313,0.0340,251,0.0016
0500000US18085,"Kosciusko County, Indiana",79344,74508,0.9391,425,0.0054,651,0.0082,1105,0.0139,0,0.0000
0500000US18089,"Lake County, Indiana",484411,292546,0.6039,112433,0.2321,1052,0.0022,7424,0.0153,405,0.0008
0500000US18091,"LaPorte County, Indiana",110007,90465,0.8224,12635,0.1149,551,0.0050,69,0.0006,0,0.0000
0500000US18095,"Madison County, Indiana",129641,113549,0.8759,11218,0.0865,241,0.0019,713,0.0055,0,0.0000
0500000US18097,"Marion County, Indiana",954670,574159,0.6014,273100,0.2861,2438,0.0026,34090,0.0357,592,0.0006
0500000US18105,"Monroe County, Indiana",146917,125701,0.8556,4366,0.0297,800,0.0054,10317,0.0702,0,0.0000
0500000US18127,"Porter County, Indiana",169594,153565,0.9055,6584,0.0388,308,0.0018,2501,0.0147,0,0.0000
0500000US18141,"St. Joseph County, Indiana",270771,209274,0.7729,36168,0.1336,1294,0.0048,6770,0.0250,146,0.0005
0500000US18157,"Tippecanoe County, Indiana",193048,157823,0.8175,10775,0.0558,617,0.0032,15530,0.0804,0,0.0000
0500000US18163,"Vanderburgh County, Indiana",180974,153582,0.8486,19069,0.1054,156,0.0009,1826,0.0101,0,0.0000
0500000US18167,"Vigo County, Indiana",107386,92707,0.8633,7547,0.0703,48,0.0004,2083,0.0194,0,0.0000
0500000US19013,"Black Hawk County, Iowa",132408,110437,0.8341,13714,0.1036,744,0.0056,3689,0.0279,365,0.0028
0500000US19049,"Dallas County, Iowa",90180,81948,0.9087,2275,0.0252,145,0.0016,3848,0.0427,0,0.0000
0500000US19061,"Dubuque County, Iowa",96854,90011,0.9293,2548,0.0263,312,0.0032,1318,0.0136,72,0.0007
0500000US19103,"Johnson County, Iowa",151260,122765,0.8116,10576,0.0699,341,0.0023,9222,0.0610,423,0.0028
0500000US19113,"Linn County, Iowa",225909,197791,0.8755,14183,0.0628,367,0.0016,5508,0.0244,713,0.0032
0500000US19153,"Polk County, Iowa",487204,408849,0.8392,31773,0.0652,933,0.0019,23806,0.0489,262,0.0005
0500000US19155,"Pottawattamie County, Iowa",93533,86911,0.9292,1818,0.0194,313,0.0033,541,0.0058,62,0.0007
0500000US19163,"Scott County, Iowa",173283,147632,0.8520,11733,0.0677,491,0.0028,4702,0.0271,175,0.0010
0500000US19169,"Story County, Iowa",98105,83589,0.8520,1259,0.0128,93,0.0009,8376,0.0854,0,0.0000
0500000US19193,"Woodbury County, Iowa",102539,89664,0.8744,4374,0.0427,2067,0.0202,2906,0.0283,137,0.0013
0500000US20015,"Butler County, Kansas",66765,61852,0.9264,1527,0.0229,516,0.0077,665,0.0100,95,0.0014
0500000US20045,"Douglas County, Kansas",121436,98730,0.8130,5261,0.0433,4196,0.0346,6983,0.0575,123,0.0010
0500000US20091,"Johnson County, Kansas",597555,512258,0.8573,27293,0.0457,1781,0.0030,30094,0.0504,236,0.0004
0500000US20103,"Leavenworth County, Kansas",81352,67317,0.8275,6781,0.0834,410,0.0050,720,0.0089,49,0.0006
0500000US20161,"Riley County, Kansas",73703,61179,0.8301,4717,0.0640,100,0.0014,3560,0.0483,63,0.0009
0500000US20173,"Sedgwick County, Kansas",513607,394951,0.7690,46536,0.0906,6261,0.0122,20105,0.0391,166,0.0003
0500000US20177,"Shawnee County, Kansas",177499,146378,0.8247,15208,0.0857,2303,0.0130,2581,0.0145,73,0.0004
0500000US20209,"Wyandotte County, Kansas",165324,95143,0.5755,34860,0.2109,618,0.0037,7957,0.0481,1379,0.0083
0500000US21015,"Boone County, Kentucky",131533,119189,0.9062,3903,0.0297,0,0.0000,2300,0.0175,0,0.0000
0500000US21037,"Campbell County, Kentucky",93152,87558,0.9399,3016,0.0324,214,0.0023,944,0.0101,0,0.0000
0500000US21047,"Christian County, Kentucky",71671,50090,0.6989,15698,0.2190,410,0.0057,1394,0.0194,1143,0.0159
0500000US21059,"Daviess County, Kentucky",101104,90215,0.8923,4299,0.0425,177,0.0018,1809,0.0179,901,0.0089
0500000US21067,"Fayette County, Kentucky",323780,240762,0.7436,47626,0.1471,356,0.0011,12495,0.0386,0,0.0000
0500000US21093,"Hardin County, Kentucky",110356,86565,0.7844,12289,0.1114,901,0.0082,2503,0.0227,403,0.0037
0500000US21111,"Jefferson County, Kentucky",770517,545801,0.7084,168182,0.2183,1914,0.0025,23035,0.0299,27,0.0000
0500000US21117,"Kenton County, Kentucky",166051,147814,0.8902,7076,0.0426,385,0.0023,1936,0.0117,0,0.0000
0500000US21145,"McCracken County, Kentucky",65346,55544,0.8500,7164,0.1096,354,0.0054,627,0.0096,67,0.0010
0500000US21151,"Madison County, Kentucky",92368,84080,0.9103,3960,0.0429,138,0.0015,958,0.0104,0,0.0000
0500000US21185,"Oldham County, Kentucky",66470,60748,0.9139,2850,0.0429,82,0.0012,1050,0.0158,0,0.0000
0500000US21227,"Warren County, Kentucky",131264,105739,0.8055,9620,0.0733,190,0.0014,6036,0.0460,1328,0.0101
0500000US22005,"Ascension Parish, Louisiana",124672,88992,0.7138,27087,0.2173,386,0.0031,1875,0.0150,176,0.0014
0500000US22015,"Bossier Parish, Louisiana",127185,89362,0.7026,29728,0.2337,484,0.0038,2705,0.0213,362,0.0028
0500000US22017,"Caddo Parish, Louisiana",242922,111397,0.4586,119870,0.4935,1255,0.0052,3189,0.0131,140,0.0006
0500000US22019,"Calcasieu Parish, Louisiana",203112,142512,0.7016,51649,0.2543,609,0.0030,2662,0.0131,0,0.0000
0500000US22033,"East Baton Rouge Parish, Louisiana",440956,205202,0.4654,204056,0.4628,279,0.0006,12497,0.0283,0,0.0000
0500000US22045,"Iberia Parish, Louisiana",70941,44079,0.6213,22855,0.3222,0,0.0000,2044,0.0288,0,0.0000
0500000US22051,"Jefferson Parish, Louisiana",434051,268532,0.6187,118066,0.2720,1890,0.0044,16431,0.0379,93,0.0002
0500000US22055,"Lafayette Parish, Louisiana",242782,167641,0.6905,63982,0.2635,467,0.0019,4655,0.0192,0,0.0000
0500000US22057,"Lafourche Parish, Louisiana",98115,78106,0.7961,13264,0.1352,1833,0.0187,281,0.0029,0,0.0000
0500000US22063,"Livingston Parish, Louisiana",139567,124284,0.8905,7246,0.0519,375,0.0027,1211,0.0087,0,0.0000
0500000US22071,"Orleans Parish, Louisiana",391006,133177,0.3406,231314,0.5916,706,0.0018,10870,0.0278,0,0.0000
0500000US22073,"Ouachita Parish, Louisiana",154475,90466,0.5856,57839,0.3744,73,0.0005,1724,0.0112,0,0.0000
0500000US22079,"Rapides Parish, Louisiana",130562,82324,0.6305,40327,0.3089,1099,0.0084,1344,0.0103,41,0.0003
0500000US22103,"St. Tammany Parish, Louisiana",258111,213213,0.8261,32957,0.1277,2309,0.0089,4533,0.0176,0,0.0000
0500000US22105,"Tangipahoa Parish, Louisiana",133777,89592,0.6697,39782,0.2974,188,0.0014,1109,0.0083,0,0.0000
0500000US22109,"Terrebonne Parish, Louisiana",111021,78252,0.7048,20567,0.1853,6792,0.0612,1373,0.0124,31,0.0003
0500000US23001,"Androscoggin County, Maine",107679,98471,0.9145,3184,0.0296,66,0.0006,757,0.0070,0,0.0000
0500000US23003,"Aroostook County, Maine",67111,63699,0.9492,279,0.0042,1397,0.0208,219,0.0033,10,0.0001
0500000US23005,"Cumberland County, Maine",293557,268658,0.9152,9041,0.0308,377,0.0013,6951,0.0237,109,0.0004
0500000US23011,"Kennebec County, Maine",122083,116802,0.9567,491,0.0040,158,0.0013,1389,0.0114,335,0.0027
0500000US23019,"Penobscot County, Maine",151096,143056,0.9468,1690,0.0112,2037,0.0135,1688,0.0112,0,0.0000
0500000US23031,"York County, Maine",206229,196797,0.9543,1954,0.0095,1121,0.0054,2565,0.0124,0,0.0000
0500000US24001,"Allegany County, Maryland",70975,62148,0.8756,6469,0.0911,107,0.0015,308,0.0043,7,0.0001
0500000US24003,"Anne Arundel County, Maryland",576031,410193,0.7121,96455,0.1674,952,0.0017,22370,0.0388,79,0.0001
0500000US24005,"Baltimore County, Maryland",828431,490687,0.5923,240297,0.2901,1833,0.0022,50320,0.0607,4785,0.0058
0500000US24009,"Calvert County, Maryland",92003,74058,0.8050,11823,0.1285,0,0.0000,2346,0.0255,0,0.0000
0500000US24013,"Carroll County, Maryland",168429,153478,0.9112,5767,0.0342,186,0.0011,3359,0.0199,27,0.0002
0500000US24015,"Cecil County, Maryland",102826,90629,0.8814,7325,0.0712,33,0.0003,1403,0.0136,0,0.0000
0500000US24017,"Charles County, Maryland",161503,68969,0.4270,77394,0.4792,1079,0.0067,5200,0.0322,0,0.0000
0500000US24021,"Frederick County, Maryland",255648,207110,0.8101,26200,0.1025,304,0.0012,10441,0.0408,260,0.0010
0500000US24025,"Harford County, Maryland",253956,198408,0.7813,35479,0.1397,490,0.0019,6519,0.0257,180,0.0007
0500000US24027,"Howard County, Maryland",323196,181707,0.5622,64624,0.2000,657,0.0020,59189,0.1831,130,0.0004
0500000US24031,"Montgomery County, Maryland",1052567,542829,0.5157,196316,0.1865,2818,0.0027,152890,0.1453,391,0.0004
0500000US24033,"Prince George's County, Maryland",909308,142297,0.1565,566790,0.6233,2331,0.0026,37029,0.0407,187,0.0002
0500000US24037,"St. Mary's County, Maryland",112664,86881,0.7712,17155,0.1523,89,0.0008,2693,0.0239,0,0.0000
0500000US24043,"Washington County, Maryland",150926,124032,0.8218,16959,0.1124,184,0.0012,2931,0.0194,843,0.0056
0500000US24045,"Wicomico County, Maryland",103195,67846,0.6575,27727,0.2687,195,0.0019,3277,0.0318,0,0.0000
0500000US24510,"Baltimore city, Maryland",602495,183276,0.3042,371664,0.6169,1600,0.0027,15490,0.0257,61,0.0001
0500000US25001,"Barnstable County, Massachusetts",213413,195181,0.9146,8036,0.0377,1538,0.0072,3229,0.0151,95,0.0004
0500000US25003,"Berkshire County, Massachusetts",126348,113854,0.9011,3940,0.0312,374,0.0030,2133,0.0169,189,0.0015
0500000US25005,"Bristol County, Massachusetts",564022,473728,0.8399,25062,0.0444,753,0.0013,13053,0.0231,127,0.0002
0500000US25009,"Essex County, Massachusetts",790638,612629,0.7749,35405,0.0448,1188,0.0015,28928,0.0366,0,0.0000
0500000US25011,"Franklin County, Massachusetts",70963,65352,0.9209,1107,0.0156,276,0.0039,1143,0.0161,0,0.0000
0500000US25013,"Hampden County, Massachusetts",470406,382653,0.8135,44607,0.0948,1082,0.0023,11656,0.0248,0,0.0000
0500000US25015,"Hampshire County, Massachusetts",161355,140335,0.8697,4378,0.0271,417,0.0026,9251,0.0573,57,0.0004
0500000US25017,"Middlesex County, Massachusetts",1614714,1226390,0.7595,87875,0.0544,4164,0.0026,198986,0.1232,1448,0.0009
0500000US25021,"Norfolk County, Massachusetts",705388,539996,0.7655,53112,0.0753,1209,0.0017,83337,0.1181,75,0.0001
0500000US25023,"Plymouth County, Massachusetts",518132,428704,0.8274,51695,0.0998,1136,0.0022,7949,0.0153,58,0.0001
0500000US25025,"Suffolk County, Massachusetts",807252,443247,0.5491,175761,0.2177,2498,0.0031,71303,0.0883,165,0.0002
0500000US25027,"Worcester County, Massachusetts",830839,689588,0.8300,44256,0.0533,1371,0.0017,41100,0.0495,561,0.0007
0500000US26005,"Allegan County, Michigan",117327,108456,0.9244,2355,0.0201,404,0.0034,993,0.0085,0,0.0000
0500000US26017,"Bay County, Michigan",103923,98807,0.9508,1851,0.0178,353,0.0034,473,0.0046,0,0.0000
0500000US26021,"Berrien County, Michigan",154141,121712,0.7896,21589,0.1401,862,0.0056,2842,0.0184,0,0.0000
0500000US26025,"Calhoun County, Michigan",134487,109046,0.8108,13948,0.1037,789,0.0059,3634,0.0270,0,0.0000
0500000US26037,"Clinton County, Michigan",79332,74461,0.9386,1975,0.0249,152,0.0019,1161,0.0146,0,0.0000
0500000US26045,"Eaton County, Michigan",109826,95241,0.8672,7054,0.0642,509,0.0046,2826,0.0257,0,0.0000
0500000US26049,"Genesee County, Michigan",406892,304719,0.7489,80771,0.1985,1523,0.0037,4031,0.0099,66,0.0002
0500000US26055,"Grand Traverse County, Michigan",92573,87687,0.9472,740,0.0080,802,0.0087,508,0.0055,118,0.0013
0500000US26065,"Ingham County, Michigan",292735,216991,0.7413,34341,0.1173,837,0.0029,20591,0.0703,30,0.0001
0500000US26073,"Isabella County, Michigan",70562,61141,0.8665,1787,0.0253,3172,0.0450,1333,0.0189,36,0.0005
0500000US26075,"Jackson County, Michigan",158823,138207,0.8702,12464,0.0785,418,0.0026,1421,0.0089,86,0.0005
0500000US26077,"Kalamazoo County, Michigan",264870,212930,0.8039,27655,0.1044,928,0.0035,6269,0.0237,534,0.0020
0500000US26081,"Kent County, Michigan",653786,519959,0.7953,62932,0.0963,2449,0.0037,21059,0.0322,614,0.0009
0500000US26087,"Lapeer County, Michigan",88028,84667,0.9618,649,0.0074,351,0.0040,589,0.0067,52,0.0006
0500000US26091,"Lenawee County, Michigan",98266,92099,0.9372,2261,0.0230,525,0.0053,479,0.0049,0,0.0000
0500000US26093,"Livingston County, Michigan",191224,184138,0.9629,1511,0.0079,836,0.0044,1872,0.0098,116,0.0006
0500000US26099,"Macomb County, Michigan",874759,703955,0.8047,105713,0.1208,2932,0.0034,36776,0.0420,351,0.0004
0500000US26103,"Marquette County, Michigan",66516,61832,0.9296,949,0.0143,812,0.0122,707,0.0106,67,0.0010
0500000US26111,"Midland County, Michigan",83209,77869,0.9358,1229,0.0148,250,0.0030,2101,0.0252,34,0.0004
0500000US26115,"Monroe County, Michigan",150439,141477,0.9404,3117,0.0207,85,0.0006,645,0.0043,0,0.0000
0500000US26121,"Muskegon County, Michigan",173588,140769,0.8109,23350,0.1345,1822,0.0105,1270,0.0073,0,0.0000
0500000US26125,"Oakland County, Michigan",1259201,940933,0.7472,175057,0.1390,2940,0.0023,98366,0.0781,379,0.0003
0500000US26139,"Ottawa County, Michigan",290494,256742,0.8838,5460,0.0188,992,0.0034,8189,0.0282,0,0.0000
0500000US26145,"Saginaw County, Michigan",190800,143716,0.7532,36459,0.1911,590,0.0031,2519,0.0132,0,0.0000
0500000US26147,"St. Clair County, Michigan",159337,149149,0.9361,4086,0.0256,358,0.0022,780,0.0049,57,0.0004
0500000US26155,"Shiawassee County, Michigan",68192,65441,0.9597,644,0.0094,60,0.0009,119,0.0017,0,0.0000
0500000US26159,"Van Buren County, Michigan",75448,64726,0.8579,3063,0.0406,216,0.0029,333,0.0044,39,0.0005
0500000US26161,"Washtenaw County, Michigan",370963,272448,0.7344,42546,0.1147,555,0.0015,36404,0.0981,230,0.0006
0500000US26163,"Wayne County, Michigan",1753893,932034,0.5314,675924,0.3854,5808,0.0033,59619,0.0340,749,0.0004
0500000US27003,"Anoka County, Minnesota",353813,294882,0.8334,23174,0.0655,2712,0.0077,15764,0.0446,144,0.0004
0500000US27013,"Blue Earth County, Minnesota",67427,60716,0.9005,2602,0.0386,132,0.0020,1696,0.0252,146,0.0022
0500000US27019,"Carver County, Minnesota",103551,95336,0.9207,1993,0.0192,25,0.0002,3132,0.0302,30,0.0003
0500000US27037,"Dakota County, Minnesota",425423,349067,0.8205,28112,0.0661,1080,0.0025,20517,0.0482,66,0.0002
0500000US27053,"Hennepin County, Minnesota",1259428,903643,0.7175,169349,0.1345,9894,0.0079,90522,0.0719,235,0.0002
0500000US27109,"Olmsted County, Minnesota",156277,130262,0.8335,10024,0.0641,200,0.0013,9542,0.0611,64,0.0004
0500000US27123,"Ramsey County, Minnesota",550210,360289,0.6548,65928,0.1198,3830,0.0070,81169,0.1475,95,0.0002
0500000US27131,"Rice County, Minnesota",66523,57152,0.8591,3893,0.0585,256,0.0038,1653,0.0248,172,0.0026
0500000US27137,"St. Louis County, Minnesota",199754,183984,0.9211,2661,0.0133,3763,0.0188,1573,0.0079,184,0.0009
0500000US27139,"Scott County, Minnesota",147381,125083,0.8487,7189,0.0488,954,0.0065,9629,0.0653,0,0.0000
0500000US27141,"Sherburne County, Minnesota",96036,88556,0.9221,2625,0.0273,916,0.0095,1675,0.0174,0,0.0000
0500000US27145,"Stearns County, Minnesota",159256,138505,0.8697,11438,0.0718,158,0.0010,2985,0.0187,0,0.0000
0500000US27163,"Washington County, Minnesota",259201,220135,0.8493,13137,0.0507,923,0.0036,15443,0.0596,60,0.0002
0500000US27171,"Wright County, Minnesota",136349,128071,0.9393,1279,0.0094,137,0.0010,1783,0.0131,33,0.0002
0500000US28033,"DeSoto County, Mississippi",182001,119484,0.6565,51441,0.2826,295,0.0016,1954,0.0107,61,0.0003
0500000US28035,"Forrest County, Mississippi",75036,44362,0.5912,27788,0.3703,245,0.0033,770,0.0103,193,0.0026
0500000US28047,"Harrison County, Mississippi",206650,140305,0.6789,52714,0.2551,440,0.0021,5047,0.0244,401,0.0019
0500000US28049,"Hinds County, Mississippi",237085,59615,0.2514,173435,0.7315,146,0.0006,1449,0.0061,27,0.0001
0500000US28059,"Jackson County, Mississippi",143277,100036,0.6982,28428,0.1984,62,0.0004,3722,0.0260,0,0.0000
0500000US28081,"Lee County, Mississippi",85202,57076,0.6699,24351,0.2858,399,0.0047,455,0.0053,0,0.0000
0500000US28089,"Madison County, Mississippi",105630,61009,0.5776,40002,0.3787,32,0.0003,3021,0.0286,0,0.0000
0500000US28121,"Rankin County, Mississippi",153902,115335,0.7494,32841,0.2134,602,0.0039,1886,0.0123,0,0.0000
0500000US29019,"Boone County, Missouri",180005,146365,0.8131,16375,0.0910,827,0.0046,8521,0.0473,0,0.0000
0500000US29021,"Buchanan County, Missouri",88571,77057,0.8700,4681,0.0529,233,0.0026,756,0.0085,0,0.0000
0500000US29031,"Cape Girardeau County, Missouri",78753,69161,0.8782,4869,0.0618,120,0.0015,1682,0.0214,0,0.0000
0500000US29037,"Cass County, Missouri",104954,95973,0.9144,4046,0.0386,544,0.0052,711,0.0068,103,0.0010
0500000US29043,"Christian County, Missouri",86983,82168,0.9446,1950,0.0224,943,0.0108,419,0.0048,0,0.0000
0500000US29047,"Clay County, Missouri",246365,209718,0.8512,16327,0.0663,1300,0.0053,4489,0.0182,722,0.0029
0500000US29051,"Cole County, Missouri",76796,64447,0.8392,9206,0.1199,463,0.0060,1023,0.0133,0,0.0000
0500000US29077,"Greene County, Missouri",291923,261783,0.8968,8836,0.0303,1433,0.0049,5308,0.0182,123,0.0004
0500000US29095,"Jackson County, Missouri",700307,473711,0.6764,163281,0.2332,2039,0.0029,12554,0.0179,2275,0.0032
0500000US29097,"Jasper County, Missouri",120636,107377,0.8901,2444,0.0203,3024,0.0251,1326,0.0110,98,0.0008
0500000US29099,"Jefferson County, Missouri",224347,215160,0.9591,984,0.0044,765,0.0034,1536,0.0068,212,0.0009
0500000US29165,"Platte County, Missouri",102985,87196,0.8467,7389,0.0717,403,0.0039,2602,0.0253,209,0.0020
0500000US29183,"St. Charles County, Missouri",399182,356581,0.8933,19425,0.0487,629,0.0016,10997,0.0275,0,0.0000
0500000US29189,"St. Louis County, Missouri",996945,674930,0.6770,243987,0.2447,1974,0.0020,45482,0.0456,587,0.0006
0500000US29510,"St. Louis city, Missouri",302838,142649,0.4710,137404,0.4537,685,0.0023,10878,0.0359,432,0.0014
0500000US30013,"Cascade County, Montana",81643,71351,0.8739,1416,0.0173,3319,0.0407,675,0.0083,80,0.0010
0500000US30029,"Flathead County, Montana",102106,96362,0.9437,411,0.0040,2081,0.0204,1369,0.0134,0,0.0000
0500000US30031,"Gallatin County, Montana",111876,105137,0.9398,295,0.0026,943,0.0084,1970,0.0176,0,0.0000
0500000US30049,"Lewis and Clark County, Montana",68700,64688,0.9416,270,0.0039,1535,0.0223,471,0.0069,0,0.0000
0500000US30063,"Missoula County, Montana",118791,108625,0.9144,826,0.0070,1877,0.0158,1838,0.0155,515,0.0043
0500000US30111,"Yellowstone County, Montana",160137,144044,0.8995,787,0.0049,7763,0.0485,1019,0.0064,67,0.0004
0500000US31055,"Douglas County, Nebraska",566880,446280,0.7873,61942,0.1093,4147,0.0073,22721,0.0401,90,0.0002
0500000US31109,"Lancaster County, Nebraska",317272,271640,0.8562,12492,0.0394,2085,0.0066,12759,0.0402,134,0.0004
0500000US31153,"Sarpy County, Nebraska",184459,158475,0.8591,7373,0.0400,636,0.0034,4295,0.0233,162,0.0009
0500000US32003,"Clark County, Nevada",2231647,1285689,0.5761,264357,0.1185,23704,0.0106,219628,0.0984,15694,0.0070
0500000US32031,"Washoe County, Nevada",465735,352974,0.7579,11785,0.0253,7284,0.0156,23738,0.0510,3267,0.0070
0500000US33005,"Cheshire County, New Hampshire",76493,72081,0.9423,537,0.0070,313,0.0041,1349,0.0176,0,0.0000
0500000US33009,"Grafton County, New Hampshire",89786,82882,0.9231,1212,0.0135,403,0.0045,3169,0.0353,89,0.0010
0500000US33011,"Hillsborough County, New Hampshire",415247,366558,0.8827,13824,0.0333,622,0.0015,17910,0.0431,42,0.0001
0500000US33013,"Merrimack County, New Hampshire",151132,142580,0.9434,2033,0.0135,388,0.0026,3026,0.0200,204,0.0013
0500000US33015,"Rockingham County, New Hampshire",309176,292224,0.9452,2447,0.0079,9,0.0000,5447,0.0176,0,0.0000
0500000US33017,"Strafford County, New Hampshire",130090,120443,0.9258,934,0.0072,201,0.0015,4606,0.0354,180,0.0014
0500000US34001,"Atlantic County, New Jersey",265429,173409,0.6533,37050,0.1396,557,0.0021,21421,0.0807,255,0.0010
0500000US34003,"Bergen County, New Jersey",936692,665583,0.7106,55416,0.0592,2941,0.0031,155916,0.1665,235,0.0003
0500000US34005,"Burlington County, New Jersey",445384,317611,0.7131,76289,0.1713,347,0.0008,20861,0.0468,603,0.0014
0500000US34007,"Camden County, New Jersey",507078,311840,0.6150,102304,0.2018,609,0.0012,30542,0.0602,63,0.0001
0500000US34009,"Cape May County, New Jersey",92560,82013,0.8861,3564,0.0385,16,0.0002,1088,0.0118,0,0.0000
0500000US34011,"Cumberland County, New Jersey",150972,98342,0.6514,29550,0.1957,793,0.0053,2659,0.0176,0,0.0000
0500000US34013,"Essex County, New Jersey",799767,327776,0.4098,318855,0.3987,1076,0.0013,44447,0.0556,301,0.0004
0500000US34015,"Gloucester County, New Jersey",291408,238703,0.8191,29877,0.1025,508,0.0017,9763,0.0335,0,0.0000
0500000US34017,"Hudson County, New Jersey",676061,359699,0.5321,82145,0.1215,3008,0.0044,108472,0.1604,0,0.0000
0500000US34019,"Hunterdon County, New Jersey",124714,112770,0.9042,3680,0.0295,0,0.0000,5446,0.0437,126,0.0010
0500000US34021,"Mercer County, New Jersey",369811,226971,0.6137,75902,0.2052,630,0.0017,41990,0.1135,111,0.0003
0500000US34023,"Middlesex County, New Jersey",829685,468466,0.5646,84157,0.1014,2911,0.0035,202159,0.2437,616,0.0007
0500000US34025,"Monmouth County, New Jersey",621354,519365,0.8359,46143,0.0743,495,0.0008,34085,0.0549,92,0.0001
0500000US34027,"Morris County, New Jersey",494228,403898,0.8172,17669,0.0358,833,0.0017,51943,0.1051,140,0.0003
0500000US34029,"Ocean County, New Jersey",601651,545981,0.9075,19746,0.0328,827,0.0014,11806,0.0196,0,0.0000
0500000US34031,"Passaic County, New Jersey",503310,314282,0.6244,56572,0.1124,754,0.0015,27104,0.0539,301,0.0006
0500000US34033,"Salem County, New Jersey",62607,49612,0.7924,9394,0.1500,346,0.0055,450,0.0072,0,0.0000
0500000US34035,"Somerset County, New Jersey",331164,220871,0.6670,32082,0.0969,500,0.0015,61353,0.1853,0,0.0000
0500000US34037,"Sussex County, New Jersey",140799,131040,0.9307,3364,0.0239,88,0.0006,3090,0.0219,66,0.0005
0500000US34039,"Union County, New Jersey",558067,296375,0.5311,119389,0.2139,3687,0.0066,31093,0.0557,0,0.0000
0500000US34041,"Warren County, New Jersey",105779,91932,0.8691,4847,0.0458,205,0.0019,2525,0.0239,0,0.0000
0500000US35001,"Bernalillo County, New Mexico",678701,530270,0.7813,19806,0.0292,31767,0.0468,18763,0.0276,176,0.0003
0500000US35005,"Chaves County, New Mexico",64689,54650,0.8448,1854,0.0287,640,0.0099,467,0.0072,0,0.0000
0500000US35013,"Do√±a Ana County, New Mexico",217522,192259,0.8839,4341,0.0200,2650,0.0122,2084,0.0096,73,0.0003
0500000US35025,"Lea County, New Mexico",69611,63369,0.9103,2597,0.0373,546,0.0078,732,0.0105,0,0.0000
0500000US35031,"McKinley County, New Mexico",72290,8544,0.1182,298,0.0041,57633,0.7972,797,0.0110,66,0.0009
0500000US35035,"Otero County, New Mexico",66781,53505,0.8012,2225,0.0333,4380,0.0656,751,0.0112,462,0.0069
0500000US35043,"Sandoval County, New Mexico",145179,110577,0.7617,3752,0.0258,18073,0.1245,2121,0.0146,1007,0.0069
0500000US35045,"San Juan County, New Mexico",125043,66111,0.5287,1074,0.0086,50058,0.4003,1492,0.0119,42,0.0003
0500000US35049,"Santa Fe County, New Mexico",150056,124979,0.8329,1781,0.0119,4554,0.0303,1720,0.0115,102,0.0007
0500000US35061,"Valencia County, New Mexico",76456,61354,0.8025,1102,0.0144,2564,0.0335,508,0.0066,0,0.0000
0500000US36001,"Albany County, New York",307117,228964,0.7455,39649,0.1291,282,0.0009,21496,0.0700,834,0.0027
0500000US36005,"Bronx County, New York",1432132,321890,0.2248,509310,0.3556,8717,0.0061,54467,0.0380,1945,0.0014
0500000US36007,"Broome County, New York",191659,163081,0.8509,10809,0.0564,591,0.0031,9341,0.0487,99,0.0005
0500000US36009,"Cattaraugus County, New York",76840,70431,0.9166,1018,0.0132,2539,0.0330,481,0.0063,0,0.0000
0500000US36011,"Cayuga County, New York",77145,71045,0.9209,3506,0.0454,132,0.0017,580,0.0075,0,0.0000
0500000US36013,"Chautauqua County, New York",127939,116291,0.9090,3434,0.0268,394,0.0031,716,0.0056,157,0.0012
0500000US36015,"Chemung County, New York",84254,74324,0.8821,4999,0.0593,15,0.0002,1174,0.0139,0,0.0000
0500000US36019,"Clinton County, New York",80695,73115,0.9061,3605,0.0447,54,0.0007,962,0.0119,0,0.0000
0500000US36027,"Dutchess County, New York",293718,229184,0.7803,32319,0.1100,1017,0.0035,9867,0.0336,23,0.0001
0500000US36029,"Erie County, New York",919719,711887,0.7740,121796,0.1324,4117,0.0045,34361,0.0374,22,0.0000
0500000US36045,"Jefferson County, New York",111755,95447,0.8541,6760,0.0605,250,0.0022,1516,0.0136,217,0.0019
0500000US36047,"Kings County, New York",2582830,1125773,0.4359,827041,0.3202,7200,0.0028,300232,0.1162,1370,0.0005
0500000US36051,"Livingston County, New York",63227,58876,0.9312,2109,0.0334,180,0.0028,515,0.0081,0,0.0000
0500000US36053,"Madison County, New York",70795,66512,0.9395,1211,0.0171,62,0.0009,1485,0.0210,0,0.0000
0500000US36055,"Monroe County, New York",742474,560874,0.7554,112272,0.1512,3122,0.0042,28479,0.0384,171,0.0002
0500000US36059,"Nassau County, New York",1358343,918655,0.6763,162245,0.1194,6223,0.0046,135709,0.0999,1093,0.0008
0500000US36061,"New York County, New York",1628701,904573,0.5554,236356,0.1451,12359,0.0076,200213,0.1229,916,0.0006
0500000US36063,"Niagara County, New York",210433,183349,0.8713,15579,0.0740,1496,0.0071,2791,0.0133,0,0.0000
0500000US36065,"Oneida County, New York",229577,195773,0.8528,15517,0.0676,580,0.0025,9806,0.0427,0,0.0000
0500000US36067,"Onondaga County, New York",461809,367730,0.7963,55880,0.1210,3251,0.0070,15963,0.0346,74,0.0002
0500000US36069,"Ontario County, New York",109864,101177,0.9209,2638,0.0240,230,0.0021,1317,0.0120,0,0.0000
0500000US36071,"Orange County, New York",381951,279314,0.7313,43050,0.1127,797,0.0021,10935,0.0286,403,0.0011
0500000US36075,"Oswego County, New York",117898,112120,0.9510,1609,0.0136,158,0.0013,971,0.0082,31,0.0003
0500000US36079,"Putnam County, New York",98892,83229,0.8416,3496,0.0354,164,0.0017,1949,0.0197,0,0.0000
0500000US36081,"Queens County, New York",2278906,848180,0.3722,419389,0.1840,10219,0.0045,588677,0.2583,822,0.0004
0500000US36083,"Rensselaer County, New York",159442,136797,0.8580,10611,0.0666,192,0.0012,4342,0.0272,0,0.0000
0500000US36085,"Richmond County, New York",476179,347986,0.7308,47098,0.0989,451,0.0009,48714,0.1023,197,0.0004
0500000US36087,"Rockland County, New York",325695,233051,0.7155,38958,0.1196,377,0.0012,19660,0.0604,0,0.0000
0500000US36089,"St. Lawrence County, New York",108047,99965,0.9252,3066,0.0284,841,0.0078,1028,0.0095,262,0.0024
0500000US36091,"Saratoga County, New York",230163,212657,0.9239,4948,0.0215,554,0.0024,6005,0.0261,0,0.0000
0500000US36093,"Schenectady County, New York",155350,118937,0.7656,15413,0.0992,1502,0.0097,7111,0.0458,220,0.0014
0500000US36101,"Steuben County, New York",95796,90696,0.9468,1347,0.0141,37,0.0004,1564,0.0163,0,0.0000
0500000US36103,"Suffolk County, New York",1481093,1206349,0.8145,116010,0.0783,5501,0.0037,59485,0.0402,232,0.0002
0500000US36105,"Sullivan County, New York",75498,61078,0.8090,6663,0.0883,312,0.0041,1321,0.0175,0,0.0000
0500000US36109,"Tompkins County, New York",102793,81512,0.7930,4703,0.0458,196,0.0019,10518,0.1023,0,0.0000
0500000US36111,"Ulster County, New York",178599,149143,0.8351,10718,0.0600,503,0.0028,3026,0.0169,0,0.0000
0500000US36117,"Wayne County, New York",90064,84119,0.9340,2042,0.0227,7,0.0001,640,0.0071,0,0.0000
0500000US36119,"Westchester County, New York",967612,610737,0.6312,143734,0.1485,2677,0.0028,58946,0.0609,223,0.0002
0500000US37001,"Alamance County, North Carolina",166436,115202,0.6922,32746,0.1967,409,0.0025,2829,0.0170,190,0.0011
0500000US37019,"Brunswick County, North Carolina",136744,117105,0.8564,14475,0.1059,1221,0.0089,513,0.0038,0,0.0000
0500000US37021,"Buncombe County, North Carolina",259103,230685,0.8903,16083,0.0621,1007,0.0039,2654,0.0102,385,0.0015
0500000US37023,"Burke County, North Carolina",90382,77100,0.8530,5663,0.0627,691,0.0076,3257,0.0360,57,0.0006
0500000US37025,"Cabarrus County, North Carolina",211342,148835,0.7042,38874,0.1839,116,0.0005,8764,0.0415,189,0.0009
0500000US37027,"Caldwell County, North Carolina",82029,72577,0.8848,3770,0.0460,0,0.0000,465,0.0057,0,0.0000
0500000US37031,"Carteret County, North Carolina",69524,62764,0.9028,3291,0.0473,102,0.0015,1092,0.0157,0,0.0000
0500000US37035,"Catawba County, North Carolina",158652,127259,0.8021,13084,0.0825,363,0.0023,6575,0.0414,0,0.0000
0500000US37037,"Chatham County, North Carolina",73139,58855,0.8047,9046,0.1237,118,0.0016,1222,0.0167,0,0.0000
0500000US37045,"Cleveland County, North Carolina",97645,71358,0.7308,21214,0.2173,240,0.0025,1103,0.0113,133,0.0014
0500000US37049,"Craven County, North Carolina",102912,72552,0.7050,23111,0.2246,226,0.0022,2375,0.0231,463,0.0045
0500000US37051,"Cumberland County, North Carolina",332330,164330,0.4945,123982,0.3731,4251,0.0128,8571,0.0258,1086,0.0033
0500000US37057,"Davidson County, North Carolina",166614,141780,0.8509,15428,0.0926,275,0.0017,2864,0.0172,0,0.0000
0500000US37063,"Durham County, North Carolina",316739,166094,0.5244,113271,0.3576,1101,0.0035,15792,0.0499,0,0.0000
0500000US37067,"Forsyth County, North Carolina",379099,246738,0.6509,99830,0.2633,1305,0.0034,9574,0.0253,1307,0.0034
0500000US37069,"Franklin County, North Carolina",67560,44940,0.6652,16790,0.2485,148,0.0022,460,0.0068,0,0.0000
0500000US37071,"Gaston County, North Carolina",222846,170312,0.7643,37011,0.1661,529,0.0024,3628,0.0163,104,0.0005
0500000US37081,"Guilford County, North Carolina",533670,291198,0.5457,179585,0.3365,3586,0.0067,27077,0.0507,51,0.0001
0500000US37085,"Harnett County, North Carolina",134214,92030,0.6857,25909,0.1930,1224,0.0091,1757,0.0131,624,0.0046
0500000US37089,"Henderson County, North Carolina",116748,106541,0.9126,4352,0.0373,286,0.0024,1758,0.0151,0,0.0000
0500000US37097,"Iredell County, North Carolina",178435,144822,0.8116,17120,0.0959,1808,0.0101,4624,0.0259,344,0.0019
0500000US37101,"Johnston County, North Carolina",202675,155875,0.7691,33049,0.1631,737,0.0036,1159,0.0057,323,0.0016
0500000US37119,"Mecklenburg County, North Carolina",1093901,573883,0.5246,348940,0.3190,4831,0.0044,68138,0.0623,309,0.0003
0500000US37125,"Moore County, North Carolina",98682,81692,0.8278,10406,0.1054,537,0.0054,1672,0.0169,1407,0.0143
0500000US37127,"Nash County, North Carolina",94016,48784,0.5189,37190,0.3956,767,0.0082,854,0.0091,86,0.0009
0500000US37129,"New Hanover County, North Carolina",232274,188476,0.8114,32739,0.1409,515,0.0022,3650,0.0157,0,0.0000
0500000US37133,"Onslow County, North Carolina",197683,146722,0.7422,27738,0.1403,1753,0.0089,3952,0.0200,178,0.0009
0500000US37135,"Orange County, North Carolina",146027,108624,0.7439,16500,0.1130,1799,0.0123,11390,0.0780,0,0.0000
0500000US37147,"Pitt County, North Carolina",179914,103416,0.5748,62463,0.3472,967,0.0054,3697,0.0205,0,0.0000
0500000US37151,"Randolph County, North Carolina",143351,121463,0.8473,8133,0.0567,885,0.0062,1805,0.0126,393,0.0027
0500000US37155,"Robeson County, North Carolina",131831,36109,0.2739,31788,0.2411,53375,0.4049,840,0.0064,0,0.0000
0500000US37157,"Rockingham County, North Carolina",90690,67009,0.7389,16571,0.1827,110,0.0012,387,0.0043,0,0.0000
0500000US37159,"Rowan County, North Carolina",141262,109184,0.7729,21442,0.1518,381,0.0027,1630,0.0115,86,0.0006
0500000US37179,"Union County, North Carolina",235908,190816,0.8089,27967,0.1186,174,0.0007,7860,0.0333,34,0.0001
0500000US37183,"Wake County, North Carolina",1092305,699803,0.6407,220735,0.2021,2466,0.0023,78213,0.0716,331,0.0003
0500000US37191,"Wayne County, North Carolina",123248,79135,0.6421,37652,0.3055,22,0.0002,1667,0.0135,95,0.0008
0500000US37193,"Wilkes County, North Carolina",68557,62850,0.9168,3042,0.0444,0,0.0000,225,0.0033,197,0.0029
0500000US37195,"Wilson County, North Carolina",81455,40059,0.4918,32253,0.3960,400,0.0049,787,0.0097,0,0.0000
0500000US38015,"Burleigh County, North Dakota",95273,86062,0.9033,2208,0.0232,4210,0.0442,572,0.0060,0,0.0000
0500000US38017,"Cass County, North Dakota",181516,155954,0.8592,12097,0.0666,2075,0.0114,6669,0.0367,0,0.0000
0500000US38035,"Grand Forks County, North Dakota",70770,58512,0.8268,3512,0.0496,1975,0.0279,2235,0.0316,107,0.0015
0500000US38101,"Ward County, North Dakota",67744,58729,0.8669,2863,0.0423,1268,0.0187,1224,0.0181,167,0.0025
0500000US39003,"Allen County, Ohio",102663,84580,0.8239,11915,0.1161,359,0.0035,850,0.0083,0,0.0000
0500000US39009,"Athens County, Ohio",65818,59700,0.9070,1864,0.0283,231,0.0035,1699,0.0258,86,0.0013
0500000US39013,"Belmont County, Ohio",67505,62729,0.9292,1916,0.0284,107,0.0016,571,0.0085,0,0.0000
0500000US39017,"Butler County, Ohio",382378,318592,0.8332,31642,0.0828,781,0.0020,13085,0.0342,0,0.0000
0500000US39023,"Clark County, Ohio",134585,117175,0.8706,11167,0.0830,126,0.0009,726,0.0054,0,0.0000
0500000US39025,"Clermont County, Ohio",205466,194656,0.9474,2624,0.0128,55,0.0003,2237,0.0109,0,0.0000
0500000US39035,"Cuyahoga County, Ohio",1243857,778016,0.6255,363507,0.2922,3432,0.0028,38700,0.0311,605,0.0005
0500000US39041,"Delaware County, Ohio",204826,176818,0.8633,6806,0.0332,319,0.0016,12823,0.0626,0,0.0000
0500000US39043,"Erie County, Ohio",74615,63801,0.8551,7328,0.0982,723,0.0097,46,0.0006,25,0.0003
0500000US39045,"Fairfield County, Ohio",155782,135804,0.8718,10941,0.0702,0,0.0000,1983,0.0127,0,0.0000
0500000US39049,"Franklin County, Ohio",1310300,857827,0.6547,298151,0.2275,3351,0.0026,72084,0.0550,68,0.0001
0500000US39055,"Geauga County, Ohio",94031,91037,0.9682,1211,0.0129,188,0.0020,674,0.0072,0,0.0000
0500000US39057,"Greene County, Ohio",167995,143377,0.8535,13007,0.0774,154,0.0009,4888,0.0291,0,0.0000
0500000US39061,"Hamilton County, Ohio",816684,547335,0.6702,208138,0.2549,909,0.0011,24334,0.0298,1279,0.0016
0500000US39063,"Hancock County, Ohio",75930,69877,0.9203,1198,0.0158,0,0.0000,1384,0.0182,0,0.0000
0500000US39081,"Jefferson County, Ohio",65767,60032,0.9128,3163,0.0481,44,0.0007,1119,0.0170,0,0.0000
0500000US39085,"Lake County, Ohio",230514,208276,0.9035,10504,0.0456,133,0.0006,2941,0.0128,147,0.0006
0500000US39089,"Licking County, Ohio",175769,159316,0.9064,7207,0.0410,313,0.0018,3682,0.0209,76,0.0004
0500000US39093,"Lorain County, Ohio",309461,265593,0.8582,25734,0.0832,1071,0.0035,3396,0.0110,75,0.0002
0500000US39095,"Lucas County, Ohio",429899,306634,0.7133,80289,0.1868,1367,0.0032,6707,0.0156,457,0.0011
0500000US39099,"Mahoning County, Ohio",229642,181135,0.7888,32943,0.1435,604,0.0026,2206,0.0096,37,0.0002
0500000US39101,"Marion County, Ohio",65256,58259,0.8928,3627,0.0556,239,0.0037,459,0.0070,74,0.0011
0500000US39103,"Medina County, Ohio",179146,170228,0.9502,2575,0.0144,104,0.0006,1885,0.0105,0,0.0000
0500000US39109,"Miami County, Ohio",106222,99547,0.9372,1402,0.0132,341,0.0032,1846,0.0174,0,0.0000
0500000US39113,"Montgomery County, Ohio",532331,386743,0.7265,108345,0.2035,1576,0.0030,12140,0.0228,414,0.0008
0500000US39119,"Muskingum County, Ohio",86183,78837,0.9148,3667,0.0425,157,0.0018,222,0.0026,0,0.0000
0500000US39133,"Portage County, Ohio",162927,148176,0.9095,7006,0.0430,0,0.0000,3330,0.0204,45,0.0003
0500000US39139,"Richland County, Ohio",121099,105522,0.8714,10266,0.0848,290,0.0024,1033,0.0085,60,0.0005
0500000US39141,"Ross County, Ohio",76931,69435,0.9026,4446,0.0578,0,0.0000,512,0.0067,47,0.0006
0500000US39151,"Stark County, Ohio",371574,323782,0.8714,27636,0.0744,630,0.0017,3951,0.0106,0,0.0000
0500000US39153,"Summit County, Ohio",541918,422487,0.7796,77677,0.1433,1337,0.0025,20151,0.0372,0,0.0000
0500000US39155,"Trumbull County, Ohio",198627,176212,0.8872,16382,0.0825,132,0.0007,1564,0.0079,0,0.0000
0500000US39165,"Warren County, Ohio",232173,204965,0.8828,8559,0.0369,443,0.0019,13920,0.0600,0,0.0000
0500000US39169,"Wayne County, Ohio",115967,110011,0.9486,3167,0.0273,91,0.0008,241,0.0021,0,0.0000
0500000US39173,"Wood County, Ohio",130696,119500,0.9143,3594,0.0275,293,0.0022,2210,0.0169,45,0.0003
0500000US40017,"Canadian County, Oklahoma",144447,115278,0.7981,5395,0.0373,5889,0.0408,3883,0.0269,0,0.0000
0500000US40027,"Cleveland County, Oklahoma",281669,215544,0.7652,12952,0.0460,12872,0.0457,13263,0.0471,98,0.0003
0500000US40031,"Comanche County, Oklahoma",120422,75141,0.6240,17707,0.1470,3957,0.0329,2602,0.0216,913,0.0076
0500000US40037,"Creek County, Oklahoma",71604,55778,0.7790,1429,0.0200,7494,0.1047,465,0.0065,16,0.0002
0500000US40101,"Muskogee County, Oklahoma",68362,38846,0.5682,7212,0.1055,12314,0.1801,217,0.0032,0,0.0000
0500000US40109,"Oklahoma County, Oklahoma",792582,538226,0.6791,118296,0.1493,24568,0.0310,27276,0.0344,711,0.0009
0500000US40119,"Payne County, Oklahoma",82040,66152,0.8063,3212,0.0392,2896,0.0353,3324,0.0405,98,0.0012
0500000US40125,"Pottawatomie County, Oklahoma",72679,54800,0.7540,2597,0.0357,9342,0.1285,432,0.0059,48,0.0007
0500000US40131,"Rogers County, Oklahoma",91984,68566,0.7454,1064,0.0116,12531,0.1362,1611,0.0175,147,0.0016
0500000US40143,"Tulsa County, Oklahoma",648360,462263,0.7130,66174,0.1021,32715,0.0505,21879,0.0337,186,0.0003
0500000US40145,"Wagoner County, Oklahoma",80110,59612,0.7441,2597,0.0324,7317,0.0913,1357,0.0169,173,0.0022
0500000US41003,"Benton County, Oregon",92101,77312,0.8394,1041,0.0113,933,0.0101,6924,0.0752,190,0.0021
0500000US41005,"Clackamas County, Oregon",416075,362162,0.8704,3762,0.0090,1903,0.0046,19111,0.0459,1370,0.0033
0500000US41017,"Deschutes County, Oregon",191996,179918,0.9371,752,0.0039,1008,0.0053,2668,0.0139,102,0.0005
0500000US41019,"Douglas County, Oregon",110283,100815,0.9141,165,0.0015,2149,0.0195,1381,0.0125,3,0.0000
0500000US41029,"Jackson County, Oregon",219564,200335,0.9124,2167,0.0099,2877,0.0131,3567,0.0162,699,0.0032
0500000US41033,"Josephine County, Oregon",87393,81035,0.9272,330,0.0038,526,0.0060,1103,0.0126,314,0.0036
0500000US41035,"Klamath County, Oregon",67653,57992,0.8572,511,0.0076,3599,0.0532,613,0.0091,39,0.0006
0500000US41039,"Lane County, Oregon",379611,324162,0.8539,3290,0.0087,3998,0.0105,10779,0.0284,1428,0.0038
0500000US41043,"Linn County, Oregon",127335,110981,0.8716,858,0.0067,716,0.0056,1116,0.0088,0,0.0000
0500000US41047,"Marion County, Oregon",346868,272176,0.7847,5299,0.0153,3000,0.0086,7366,0.0212,3638,0.0105
0500000US41051,"Multnomah County, Oregon",811880,636383,0.7838,45483,0.0560,7906,0.0097,64309,0.0792,5500,0.0068
0500000US41053,"Polk County, Oregon",85234,72667,0.8526,209,0.0025,3106,0.0364,1509,0.0177,128,0.0015
0500000US41059,"Umatilla County, Oregon",77516,66943,0.8636,763,0.0098,2750,0.0355,982,0.0127,125,0.0016
0500000US41067,"Washington County, Oregon",597695,452678,0.7574,14670,0.0245,3139,0.0053,62998,0.1054,3106,0.0052
0500000US41071,"Yamhill County, Oregon",107002,95193,0.8896,260,0.0024,1271,0.0119,1442,0.0135,1279,0.0120
0500000US42001,"Adams County, Pennsylvania",102811,96606,0.9396,1281,0.0125,359,0.0035,770,0.0075,0,0.0000
0500000US42003,"Allegheny County, Pennsylvania",1218452,971262,0.7971,157323,0.1291,1466,0.0012,48655,0.0399,157,0.0001
0500000US42007,"Beaver County, Pennsylvania",164742,148316,0.9003,8680,0.0527,413,0.0025,1034,0.0063,25,0.0002
0500000US42011,"Berks County, Pennsylvania",420152,349164,0.8310,21274,0.0506,384,0.0009,6085,0.0145,0,0.0000
0500000US42017,"Bucks County, Pennsylvania",628195,546729,0.8703,24896,0.0396,340,0.0005,31672,0.0504,638,0.0010
0500000US42019,"Butler County, Pennsylvania",187888,179306,0.9543,2167,0.0115,0,0.0000,3032,0.0161,0,0.0000
0500000US42021,"Cambria County, Pennsylvania",131730,123050,0.9341,4361,0.0331,130,0.0010,444,0.0034,137,0.0010
0500000US42027,"Centre County, Pennsylvania",162805,142490,0.8752,6076,0.0373,63,0.0004,11373,0.0699,0,0.0000
0500000US42029,"Chester County, Pennsylvania",522046,441393,0.8455,31220,0.0598,262,0.0005,29646,0.0568,0,0.0000
0500000US42033,"Clearfield County, Pennsylvania",79388,74891,0.9434,1896,0.0239,263,0.0033,362,0.0046,0,0.0000
0500000US42037,"Columbia County, Pennsylvania",65456,61574,0.9407,1265,0.0193,56,0.0009,782,0.0119,137,0.0021
0500000US42039,"Crawford County, Pennsylvania",85063,81136,0.9538,870,0.0102,69,0.0008,344,0.0040,0,0.0000
0500000US42041,"Cumberland County, Pennsylvania",251423,218641,0.8696,9372,0.0373,386,0.0015,11174,0.0444,114,0.0005
0500000US42043,"Dauphin County, Pennsylvania",277097,192416,0.6944,57569,0.2078,656,0.0024,12593,0.0454,239,0.0009
0500000US42045,"Delaware County, Pennsylvania",564751,387267,0.6857,125853,0.2228,1655,0.0029,31189,0.0552,0,0.0000
0500000US42049,"Erie County, Pennsylvania",272061,234857,0.8633,20597,0.0757,946,0.0035,4909,0.0180,63,0.0002
0500000US42051,"Fayette County, Pennsylvania",130441,120140,0.9210,5484,0.0420,182,0.0014,611,0.0047,0,0.0000
0500000US42055,"Franklin County, Pennsylvania",154835,143190,0.9248,4897,0.0316,66,0.0004,671,0.0043,0,0.0000
0500000US42063,"Indiana County, Pennsylvania",84501,80084,0.9477,1433,0.0170,41,0.0005,847,0.0100,37,0.0004
0500000US42069,"Lackawanna County, Pennsylvania",210793,190838,0.9053,4518,0.0214,64,0.0003,6020,0.0286,42,0.0002
0500000US42071,"Lancaster County, Pennsylvania",543557,476288,0.8762,24117,0.0444,1484,0.0027,12368,0.0228,222,0.0004
0500000US42073,"Lawrence County, Pennsylvania",86184,80253,0.9312,3724,0.0432,145,0.0017,368,0.0043,0,0.0000
0500000US42075,"Lebanon County, Pennsylvania",141314,121786,0.8618,4366,0.0309,47,0.0003,2126,0.0150,0,0.0000
0500000US42077,"Lehigh County, Pennsylvania",368100,289058,0.7853,26790,0.0728,1387,0.0038,13064,0.0355,30,0.0001
0500000US42079,"Luzerne County, Pennsylvania",317646,277736,0.8744,15225,0.0479,585,0.0018,4248,0.0134,360,0.0011
0500000US42081,"Lycoming County, Pennsylvania",113664,104565,0.9199,4872,0.0429,292,0.0026,858,0.0075,100,0.0009
0500000US42085,"Mercer County, Pennsylvania",110683,100638,0.9092,6307,0.0570,189,0.0017,943,0.0085,0,0.0000
0500000US42089,"Monroe County, Pennsylvania",169507,128299,0.7569,26984,0.1592,73,0.0004,4333,0.0256,60,0.0004
0500000US42091,"Montgomery County, Pennsylvania",828604,650976,0.7856,75819,0.0915,627,0.0008,65612,0.0792,299,0.0004
0500000US42095,"Northampton County, Pennsylvania",304807,258795,0.8490,17588,0.0577,730,0.0024,8998,0.0295,932,0.0031
0500000US42097,"Northumberland County, Pennsylvania",91083,85247,0.9359,2570,0.0282,0,0.0000,321,0.0035,0,0.0000
0500000US42101,"Philadelphia County, Pennsylvania",1584138,623482,0.3936,657756,0.4152,4326,0.0027,116907,0.0738,582,0.0004
0500000US42107,"Schuylkill County, Pennsylvania",142067,132576,0.9332,5390,0.0379,373,0.0026,714,0.0050,0,0.0000
0500000US42111,"Somerset County, Pennsylvania",73952,70202,0.9493,1944,0.0263,39,0.0005,200,0.0027,0,0.0000
0500000US42125,"Washington County, Pennsylvania",207346,194060,0.9359,7066,0.0341,0,0.0000,2308,0.0111,49,0.0002
0500000US42129,"Westmoreland County, Pennsylvania",350611,331653,0.9459,9092,0.0259,198,0.0006,3558,0.0101,148,0.0004
0500000US42133,"York County, Pennsylvania",448273,393886,0.8787,24439,0.0545,979,0.0022,7293,0.0163,271,0.0006
0500000US44003,"Kent County, Rhode Island",163861,149942,0.9151,3268,0.0199,1112,0.0068,4667,0.0285,0,0.0000
0500000US44005,"Newport County, Rhode Island",82542,73500,0.8905,3086,0.0374,618,0.0075,937,0.0114,686,0.0083
0500000US44007,"Providence County, Rhode Island",636084,467713,0.7353,63073,0.0992,2124,0.0033,26537,0.0417,197,0.0003
0500000US44009,"Washington County, Rhode Island",126179,115675,0.9168,1020,0.0081,398,0.0032,2491,0.0197,0,0.0000
0500000US45003,"Aiken County, South Carolina",169401,120302,0.7102,43943,0.2594,313,0.0018,1527,0.0090,0,0.0000
0500000US45007,"Anderson County, South Carolina",200482,158917,0.7927,29898,0.1491,79,0.0004,1131,0.0056,132,0.0007
0500000US45013,"Beaufort County, South Carolina",188715,139511,0.7393,33104,0.1754,682,0.0036,2194,0.0116,248,0.0013
0500000US45015,"Berkeley County, South Carolina",221091,146659,0.6633,52921,0.2394,1098,0.0050,4567,0.0207,594,0.0027
0500000US45019,"Charleston County, South Carolina",405905,279489,0.6886,107456,0.2647,982,0.0024,6957,0.0171,0,0.0000
0500000US45035,"Dorchester County, South Carolina",160647,107363,0.6683,40410,0.2515,102,0.0006,2639,0.0164,492,0.0031
0500000US45041,"Florence County, South Carolina",138159,71932,0.5206,58588,0.4241,726,0.0053,1678,0.0121,96,0.0007
0500000US45045,"Greenville County, South Carolina",514213,372739,0.7249,90346,0.1757,6399,0.0124,13396,0.0261,1230,0.0024
0500000US45047,"Greenwood County, South Carolina",70741,44542,0.6296,23677,0.3347,0,0.0000,467,0.0066,0,0.0000
0500000US45051,"Horry County, South Carolina",344147,282431,0.8207,45995,0.1336,3258,0.0095,5131,0.0149,0,0.0000
0500000US45055,"Kershaw County, South Carolina",65592,46476,0.7086,15034,0.2292,85,0.0013,45,0.0007,0,0.0000
0500000US45057,"Lancaster County, South Carolina",95380,70577,0.7400,18752,0.1966,603,0.0063,1498,0.0157,0,0.0000
0500000US45059,"Laurens County, South Carolina",66994,47281,0.7057,15673,0.2339,180,0.0027,328,0.0049,11,0.0002
0500000US45063,"Lexington County, South Carolina",295032,231299,0.7840,44125,0.1496,853,0.0029,5810,0.0197,81,0.0003
0500000US45073,"Oconee County, South Carolina",78374,68956,0.8798,5423,0.0692,139,0.0018,583,0.0074,88,0.0011
0500000US45075,"Orangeburg County, South Carolina",86934,30177,0.3471,52599,0.6050,476,0.0055,729,0.0084,478,0.0055
0500000US45077,"Pickens County, South Carolina",124937,110422,0.8838,9139,0.0731,186,0.0015,2638,0.0211,0,0.0000
0500000US45079,"Richland County, South Carolina",414576,183495,0.4426,192288,0.4638,986,0.0024,12487,0.0301,384,0.0009
0500000US45083,"Spartanburg County, South Carolina",313888,230310,0.7337,63608,0.2026,620,0.0020,6695,0.0213,84,0.0003
0500000US45085,"Sumter County, South Carolina",106512,48223,0.4527,52663,0.4944,0,0.0000,1588,0.0149,0,0.0000
0500000US45091,"York County, South Carolina",274118,202740,0.7396,53194,0.1941,1833,0.0067,6503,0.0237,86,0.0003
0500000US46099,"Minnehaha County, South Dakota",192876,164076,0.8507,12368,0.0641,4251,0.0220,5248,0.0272,0,0.0000
0500000US46103,"Pennington County, South Dakota",111729,92421,0.8272,1537,0.0138,10645,0.0953,1506,0.0135,39,0.0003
0500000US47001,"Anderson County, Tennessee",76482,69820,0.9129,2842,0.0372,636,0.0083,661,0.0086,0,0.0000
0500000US47009,"Blount County, Tennessee",131349,122926,0.9359,3551,0.0270,228,0.0017,775,0.0059,0,0.0000
0500000US47011,"Bradley County, Tennessee",106727,93618,0.8772,5119,0.0480,39,0.0004,840,0.0079,0,0.0000
0500000US47037,"Davidson County, Tennessee",692587,436621,0.6304,187929,0.2713,927,0.0013,25440,0.0367,852,0.0012
0500000US47065,"Hamilton County, Tennessee",364286,274604,0.7538,67960,0.1866,699,0.0019,7632,0.0210,785,0.0022
0500000US47093,"Knox County, Tennessee",465289,397193,0.8536,40800,0.0877,1379,0.0030,10020,0.0215,0,0.0000
0500000US47113,"Madison County, Tennessee",97605,55310,0.5667,36987,0.3789,80,0.0008,1094,0.0112,0,0.0000
0500000US47119,"Maury County, Tennessee",94340,78694,0.8342,11440,0.1213,311,0.0033,697,0.0074,0,0.0000
0500000US47125,"Montgomery County, Tennessee",205950,142322,0.6911,43001,0.2088,1577,0.0077,4967,0.0241,1072,0.0052
0500000US47141,"Putnam County, Tennessee",78843,72509,0.9197,1905,0.0242,440,0.0056,892,0.0113,0,0.0000
0500000US47147,"Robertson County, Tennessee",71012,61235,0.8623,5182,0.0730,59,0.0008,504,0.0071,0,0.0000
0500000US47149,"Rutherford County, Tennessee",324890,245749,0.7564,49658,0.1528,1505,0.0046,11120,0.0342,0,0.0000
0500000US47155,"Sevier County, Tennessee",97892,95845,0.9791,152,0.0016,113,0.0012,337,0.0034,0,0.0000
0500000US47157,"Shelby County, Tennessee",935764,367604,0.3928,505484,0.5402,1502,0.0016,24879,0.0266,74,0.0001
0500000US47163,"Sullivan County, Tennessee",157668,148064,0.9391,3701,0.0235,200,0.0013,1060,0.0067,25,0.0002
0500000US47165,"Sumner County, Tennessee",187149,161546,0.8632,13152,0.0703,665,0.0036,2434,0.0130,494,0.0026
0500000US47179,"Washington County, Tennessee",128607,116745,0.9078,4998,0.0389,291,0.0023,2335,0.0182,0,0.0000
0500000US47187,"Williamson County, Tennessee",231729,204326,0.8817,10219,0.0441,1245,0.0054,9958,0.0430,0,0.0000
0500000US47189,"Wilson County, Tennessee",140625,123075,0.8752,10039,0.0714,86,0.0006,1079,0.0077,0,0.0000
0500000US48005,"Angelina County, Texas",87092,69167,0.7942,12912,0.1483,1493,0.0171,1049,0.0120,0,0.0000
0500000US48021,"Bastrop County, Texas",86976,55858,0.6422,7028,0.0808,118,0.0014,772,0.0089,0,0.0000
0500000US48027,"Bell County, Texas",355642,222838,0.6266,93615,0.2632,2333,0.0066,9396,0.0264,1549,0.0044
0500000US48029,"Bexar County, Texas",1986049,1603079,0.8072,153706,0.0774,13710,0.0069,61139,0.0308,1017,0.0005
0500000US48037,"Bowie County, Texas",94324,64329,0.6820,23985,0.2543,1090,0.0116,1323,0.0140,0,0.0000
0500000US48039,"Brazoria County, Texas",370200,257444,0.6954,54959,0.1485,1721,0.0046,26291,0.0710,211,0.0006
0500000US48041,"Brazos County, Texas",226758,178038,0.7851,24515,0.1081,248,0.0011,14767,0.0651,0,0.0000
0500000US48061,"Cameron County, Texas",423908,402981,0.9506,2917,0.0069,535,0.0013,3630,0.0086,166,0.0004
0500000US48085,"Collin County, Texas",1005146,681648,0.6782,101248,0.1007,4647,0.0046,160058,0.1592,154,0.0002
0500000US48091,"Comal County, Texas",148373,137396,0.9260,2897,0.0195,407,0.0027,939,0.0063,0,0.0000
0500000US48099,"Coryell County, Texas",74808,53881,0.7203,11903,0.1591,318,0.0043,1560,0.0209,96,0.0013
0500000US48113,"Dallas County, Texas",2637772,1597748,0.6057,601408,0.2280,12699,0.0048,168061,0.0637,919,0.0003
0500000US48121,"Denton County, Texas",859064,631974,0.7357,87572,0.1019,4402,0.0051,79674,0.0927,986,0.0011
0500000US48135,"Ector County, Texas",162124,125268,0.7727,8257,0.0509,925,0.0057,2276,0.0140,109,0.0007
0500000US48139,"Ellis County, Texas",179436,146090,0.8142,19602,0.1092,2394,0.0133,1198,0.0067,46,0.0003
0500000US48141,"El Paso County, Texas",840758,656680,0.7811,25580,0.0304,3447,0.0041,10895,0.0130,1246,0.0015
0500000US48157,"Fort Bend County, Texas",787858,409247,0.5194,163689,0.2078,1341,0.0017,164125,0.2083,43,0.0001
0500000US48167,"Galveston County, Texas",337890,265058,0.7845,42102,0.1246,906,0.0027,10986,0.0325,1037,0.0031
0500000US48181,"Grayson County, Texas",133991,114158,0.8520,7629,0.0569,1168,0.0087,2366,0.0177,0,0.0000
0500000US48183,"Gregg County, Texas",123707,93250,0.7538,25568,0.2067,275,0.0022,1525,0.0123,363,0.0029
0500000US48187,"Guadalupe County, Texas",163694,130959,0.8000,15258,0.0932,440,0.0027,2842,0.0174,9,0.0001
0500000US48201,"Harris County, Texas",4698619,2868885,0.6106,901166,0.1918,21230,0.0045,331452,0.0705,3511,0.0007
0500000US48209,"Hays County, Texas",222631,196770,0.8838,8461,0.0380,688,0.0031,3552,0.0160,0,0.0000
0500000US48213,"Henderson County, Texas",82299,74444,0.9046,5237,0.0636,13,0.0002,440,0.0053,0,0.0000
0500000US48215,"Hidalgo County, Texas",865939,751719,0.8681,4285,0.0049,1514,0.0017,8735,0.0101,0,0.0000
0500000US48231,"Hunt County, Texas",96493,77998,0.8083,8376,0.0868,1622,0.0168,1556,0.0161,0,0.0000
0500000US48245,"Jefferson County, Texas",255001,148260,0.5814,84690,0.3321,799,0.0031,10081,0.0395,0,0.0000
0500000US48251,"Johnson County, Texas",171361,154440,0.9013,6372,0.0372,436,0.0025,2039,0.0119,0,0.0000
0500000US48257,"Kaufman County, Texas",128622,105024,0.8165,15867,0.1234,382,0.0030,1800,0.0140,198,0.0015
0500000US48291,"Liberty County, Texas",86323,66810,0.7740,9386,0.1087,533,0.0062,164,0.0019,23,0.0003
0500000US48303,"Lubbock County, Texas",307412,249837,0.8127,21991,0.0715,2704,0.0088,7174,0.0233,531,0.0017
0500000US48309,"McLennan County, Texas",254607,202647,0.7959,37263,0.1464,797,0.0031,4501,0.0177,28,0.0001
0500000US48329,"Midland County, Texas",172578,142376,0.8250,13430,0.0778,3069,0.0178,3415,0.0198,182,0.0011
0500000US48339,"Montgomery County, Texas",590925,508494,0.8605,30101,0.0509,2222,0.0038,18352,0.0311,229,0.0004
0500000US48347,"Nacogdoches County, Texas",65711,49757,0.7572,11019,0.1677,498,0.0076,1019,0.0155,71,0.0011
0500000US48355,"Nueces County, Texas",362265,327726,0.9047,13856,0.0382,1243,0.0034,7916,0.0219,359,0.0010
0500000US48361,"Orange County, Texas",83572,72848,0.8717,7777,0.0931,140,0.0017,1102,0.0132,0,0.0000
0500000US48367,"Parker County, Texas",138371,129550,0.9363,2231,0.0161,1662,0.0120,1063,0.0077,227,0.0016
0500000US48375,"Potter County, Texas",119648,92101,0.7698,12544,0.1048,1412,0.0118,7117,0.0595,175,0.0015
0500000US48381,"Randall County, Texas",136271,123349,0.9052,4097,0.0301,612,0.0045,2382,0.0175,578,0.0042
0500000US48397,"Rockwall County, Texas",100657,84966,0.8441,6688,0.0664,455,0.0045,2115,0.0210,0,0.0000
0500000US48409,"San Patricio County, Texas",66893,61983,0.9266,1093,0.0163,0,0.0000,521,0.0078,223,0.0033
0500000US48423,"Smith County, Texas",230221,176394,0.7662,39113,0.1699,1010,0.0044,4321,0.0188,227,0.0010
0500000US48439,"Tarrant County, Texas",2084931,1364270,0.6543,346559,0.1662,15792,0.0076,116257,0.0558,3301,0.0016
0500000US48441,"Taylor County, Texas",137640,103087,0.7490,11063,0.0804,610,0.0044,3726,0.0271,27,0.0002
0500000US48451,"Tom Green County, Texas",118189,105457,0.8923,4564,0.0386,534,0.0045,1917,0.0162,7,0.0001
0500000US48453,"Travis County, Texas",1248743,890260,0.7129,104157,0.0834,11372,0.0091,87182,0.0698,422,0.0003
0500000US48469,"Victoria County, Texas",92035,80205,0.8715,5534,0.0601,167,0.0018,1285,0.0140,24,0.0003
0500000US48479,"Webb County, Texas",275910,265995,0.9641,1606,0.0058,116,0.0004,1591,0.0058,0,0.0000
0500000US48485,"Wichita County, Texas",132064,103422,0.7831,14383,0.1089,1287,0.0097,3261,0.0247,0,0.0000
0500000US48491,"Williamson County, Texas",566719,448811,0.7919,37637,0.0664,1030,0.0018,39003,0.0688,642,0.0011
0500000US48497,"Wise County, Texas",68305,62215,0.9108,1686,0.0247,325,0.0048,31,0.0005,65,0.0010
0500000US49005,"Cache County, Utah",127068,115743,0.9109,991,0.0078,552,0.0043,2872,0.0226,541,0.0043
0500000US49011,"Davis County, Utah",351713,321081,0.9129,5418,0.0154,1583,0.0045,6322,0.0180,2413,0.0069
0500000US49035,"Salt Lake County, Utah",1152633,888588,0.7709,23220,0.0201,9747,0.0085,48833,0.0424,17161,0.0149
0500000US49045,"Tooele County, Utah",69907,61202,0.8755,145,0.0021,924,0.0132,852,0.0122,0,0.0000
0500000US49049,"Utah County, Utah",622213,566165,0.9099,3569,0.0057,2898,0.0047,9186,0.0148,6221,0.0100
0500000US49053,"Washington County, Utah",171700,157786,0.9190,1160,0.0068,2589,0.0151,1926,0.0112,921,0.0054
0500000US49057,"Weber County, Utah",256359,229351,0.8946,2960,0.0115,1509,0.0059,2481,0.0097,1083,0.0042
0500000US50007,"Chittenden County, Vermont",164572,147841,0.8983,3539,0.0215,232,0.0014,8030,0.0488,0,0.0000
0500000US51003,"Albemarle County, Virginia",108718,89521,0.8234,10359,0.0953,515,0.0047,5990,0.0551,0,0.0000
0500000US51013,"Arlington County, Virginia",237521,165900,0.6985,21345,0.0899,1341,0.0056,23125,0.0974,717,0.0030
0500000US51041,"Chesterfield County, Virginia",348556,233945,0.6712,82884,0.2378,1369,0.0039,11713,0.0336,0,0.0000
0500000US51059,"Fairfax County, Virginia",1150795,703152,0.6110,111976,0.0973,2220,0.0019,221662,0.1926,1169,0.0010
0500000US51061,"Fauquier County, Virginia",70675,60157,0.8512,4621,0.0654,380,0.0054,1236,0.0175,53,0.0007
0500000US51069,"Frederick County, Virginia",88355,79864,0.9039,4033,0.0456,0,0.0000,1653,0.0187,165,0.0019
0500000US51085,"Hanover County, Virginia",107239,92553,0.8631,9340,0.0871,388,0.0036,2344,0.0219,199,0.0019
0500000US51087,"Henrico County, Virginia",329261,184523,0.5604,94961,0.2884,701,0.0021,28428,0.0863,0,0.0000
0500000US51095,"James City County, Virginia",76397,60918,0.7974,11236,0.1471,0,0.0000,1669,0.0218,63,0.0008
0500000US51107,"Loudoun County, Virginia",406850,257087,0.6319,28674,0.0705,1118,0.0027,77374,0.1902,301,0.0007
0500000US51121,"Montgomery County, Virginia",98985,84925,0.8580,4448,0.0449,365,0.0037,7318,0.0739,70,0.0007
0500000US51153,"Prince William County, Virginia",468011,273188,0.5837,97459,0.2082,1695,0.0036,38547,0.0824,178,0.0004
0500000US51161,"Roanoke County, Virginia",94073,81789,0.8694,4465,0.0475,62,0.0007,2307,0.0245,116,0.0012
0500000US51165,"Rockingham County, Virginia",81244,77185,0.9500,2100,0.0258,0,0.0000,413,0.0051,0,0.0000
0500000US51177,"Spotsylvania County, Virginia",134238,96410,0.7182,23160,0.1725,279,0.0021,3113,0.0232,67,0.0005
0500000US51179,"Stafford County, Virginia",149960,97976,0.6533,26907,0.1794,245,0.0016,5958,0.0397,0,0.0000
0500000US51199,"York County, Virginia",67846,50229,0.7403,9384,0.1383,74,0.0011,3184,0.0469,0,0.0000
0500000US51510,"Alexandria city, Virginia",160530,100922,0.6287,36569,0.2278,0,0.0000,9090,0.0566,82,0.0005
0500000US51550,"Chesapeake city, Virginia",242634,146670,0.6045,72849,0.3002,212,0.0009,9053,0.0373,128,0.0005
0500000US51650,"Hampton city, Virginia",134313,55091,0.4102,67768,0.5046,317,0.0024,2668,0.0199,237,0.0018
0500000US51680,"Lynchburg city, Virginia",82126,52897,0.6441,23311,0.2838,277,0.0034,1889,0.0230,0,0.0000
0500000US51700,"Newport News city, Virginia",178626,85037,0.4761,75446,0.4224,126,0.0007,6400,0.0358,381,0.0021
0500000US51710,"Norfolk city, Virginia",244076,113964,0.4669,98688,0.4043,614,0.0025,9250,0.0379,211,0.0009
0500000US51740,"Portsmouth city, Virginia",94632,37625,0.3976,47317,0.5000,1554,0.0164,1429,0.0151,0,0.0000
0500000US51760,"Richmond city, Virginia",228783,108092,0.4725,106543,0.4657,236,0.0010,5502,0.0240,0,0.0000
0500000US51770,"Roanoke city, Virginia",99920,61938,0.6199,29378,0.2940,162,0.0016,3048,0.0305,0,0.0000
0500000US51800,"Suffolk city, Virginia",91185,46485,0.5098,37311,0.4092,174,0.0019,1952,0.0214,0,0.0000
0500000US51810,"Virginia Beach city, Virginia",450189,296395,0.6584,86768,0.1927,1861,0.0041,32129,0.0714,143,0.0003
0500000US53005,"Benton County, Washington",201877,166821,0.8263,3534,0.0175,848,0.0042,5970,0.0296,199,0.0010
0500000US53007,"Chelan County, Washington",77036,57505,0.7465,228,0.0030,462,0.0060,1100,0.0143,142,0.0018
0500000US53009,"Clallam County, Washington",76737,67645,0.8815,965,0.0126,3491,0.0455,1516,0.0198,6,0.0001
0500000US53011,"Clark County, Washington",481857,406807,0.8442,7651,0.0159,3933,0.0082,20836,0.0432,4700,0.0098
0500000US53015,"Cowlitz County, Washington",108987,95325,0.8746,714,0.0066,3164,0.0290,1376,0.0126,278,0.0026
0500000US53021,"Franklin County, Washington",94347,65677,0.6961,2772,0.0294,1747,0.0185,3043,0.0323,74,0.0008
0500000US53025,"Grant County, Washington",97331,67489,0.6934,1036,0.0106,1189,0.0122,1161,0.0119,41,0.0004
0500000US53027,"Grays Harbor County, Washington",73901,65300,0.8836,1120,0.0152,2922,0.0395,597,0.0081,154,0.0021
0500000US53029,"Island County, Washington",84460,71787,0.8500,1717,0.0203,379,0.0045,3551,0.0420,254,0.0030
0500000US53033,"King County, Washington",2233163,1408383,0.6307,150183,0.0673,14104,0.0063,399090,0.1787,17348,0.0078
0500000US53035,"Kitsap County, Washington",269805,215234,0.7977,6585,0.0244,2314,0.0086,13575,0.0503,2739,0.0102
0500000US53041,"Lewis County, Washington",79604,70849,0.8900,267,0.0034,355,0.0045,435,0.0055,186,0.0023
0500000US53045,"Mason County, Washington",65507,52999,0.8091,815,0.0124,1130,0.0173,878,0.0134,384,0.0059
0500000US53053,"Pierce County, Washington",891299,652387,0.7320,59853,0.0672,11197,0.0126,59986,0.0673,13730,0.0154
0500000US53057,"Skagit County, Washington",128206,102150,0.7968,972,0.0076,3225,0.0252,3195,0.0249,115,0.0009
0500000US53061,"Snohomish County, Washington",814901,609055,0.7474,26594,0.0326,6849,0.0084,94095,0.1155,4557,0.0056
0500000US53063,"Spokane County, Washington",514631,447999,0.8705,8884,0.0173,7317,0.0142,11786,0.0229,3143,0.0061
0500000US53067,"Thurston County, Washington",286419,230886,0.8061,8869,0.0310,3392,0.0118,17362,0.0606,2640,0.0092
0500000US53073,"Whatcom County, Washington",225685,188397,0.8348,2215,0.0098,6013,0.0266,10285,0.0456,324,0.0014
0500000US53077,"Yakima County, Washington",251446,189035,0.7518,3286,0.0131,10696,0.0425,2601,0.0103,241,0.0010
0500000US54003,"Berkeley County, West Virginia",117123,101836,0.8695,8757,0.0748,0,0.0000,771,0.0066,0,0.0000
0500000US54011,"Cabell County, West Virginia",93224,84076,0.9019,4272,0.0458,330,0.0035,974,0.0104,24,0.0003
0500000US54039,"Kanawha County, West Virginia",180454,159612,0.8845,13481,0.0747,663,0.0037,2130,0.0118,0,0.0000
0500000US54061,"Monongalia County, West Virginia",106420,94993,0.8926,3870,0.0364,188,0.0018,3553,0.0334,0,0.0000
0500000US55009,"Brown County, Wisconsin",263378,227653,0.8644,7080,0.0269,5931,0.0225,8374,0.0318,259,0.0010
0500000US55025,"Dane County, Wisconsin",542364,455648,0.8401,28565,0.0527,2407,0.0044,31998,0.0590,169,0.0003
0500000US55027,"Dodge County, Wisconsin",87847,81092,0.9231,2812,0.0320,292,0.0033,789,0.0090,39,0.0004
0500000US55035,"Eau Claire County, Wisconsin",104534,95986,0.9182,661,0.0063,58,0.0006,5320,0.0509,0,0.0000
0500000US55039,"Fond du Lac County, Wisconsin",103066,97095,0.9421,2801,0.0272,442,0.0043,298,0.0029,0,0.0000
0500000US55055,"Jefferson County, Wisconsin",85129,79602,0.9351,807,0.0095,37,0.0004,763,0.0090,0,0.0000
0500000US55059,"Kenosha County, Wisconsin",169290,144923,0.8561,11929,0.0705,414,0.0024,3174,0.0187,83,0.0005
0500000US55063,"La Crosse County, Wisconsin",118230,107165,0.9064,2283,0.0193,457,0.0039,5264,0.0445,0,0.0000
0500000US55071,"Manitowoc County, Wisconsin",79074,74237,0.9388,996,0.0126,430,0.0054,2187,0.0277,0,0.0000
0500000US55073,"Marathon County, Wisconsin",135428,121953,0.9005,841,0.0062,183,0.0014,8053,0.0595,115,0.0008
0500000US55079,"Milwaukee County, Wisconsin",948201,550740,0.5808,248555,0.2621,4695,0.0050,41949,0.0442,290,0.0003
0500000US55087,"Outagamie County, Wisconsin",187365,168165,0.8975,3565,0.0190,3220,0.0172,5624,0.0300,0,0.0000
0500000US55089,"Ozaukee County, Wisconsin",89147,82676,0.9274,1100,0.0123,221,0.0025,1857,0.0208,84,0.0009
0500000US55097,"Portage County, Wisconsin",70942,65360,0.9213,377,0.0053,209,0.0029,2338,0.0330,41,0.0006
0500000US55101,"Racine County, Wisconsin",196584,161492,0.8215,23401,0.1190,541,0.0028,2756,0.0140,131,0.0007
0500000US55105,"Rock County, Wisconsin",163129,140071,0.8587,6476,0.0397,637,0.0039,2059,0.0126,25,0.0002
0500000US55109,"St. Croix County, Wisconsin",89694,85019,0.9479,274,0.0031,209,0.0023,937,0.0104,0,0.0000
0500000US55117,"Sheboygan County, Wisconsin",115456,102997,0.8921,2533,0.0219,655,0.0057,6745,0.0584,0,0.0000
0500000US55127,"Walworth County, Wisconsin",103718,96669,0.9320,606,0.0058,165,0.0016,1041,0.0100,0,0.0000
0500000US55131,"Washington County, Wisconsin",135693,127836,0.9421,1803,0.0133,379,0.0028,1890,0.0139,81,0.0006
0500000US55133,"Waukesha County, Wisconsin",403072,370951,0.9203,6914,0.0172,889,0.0022,15919,0.0395,103,0.0003
0500000US55139,"Winnebago County, Wisconsin",171020,156662,0.9160,3742,0.0219,966,0.0056,4991,0.0292,0,0.0000
0500000US55141,"Wood County, Wisconsin",73055,68932,0.9436,778,0.0106,573,0.0078,535,0.0073,10,0.0001
0500000US56021,"Laramie County, Wyoming",98976,90038,0.9097,2005,0.0203,686,0.0069,1611,0.0163,60,0.0006
0500000US56025,"Natrona County, Wyoming",79115,74527,0.9420,64,0.0008,1363,0.0172,131,0.0017,742,0.0094